age,blood_pressure,glucose,bmi,risk_label
56.6,132.6,121.7,24.5,0
36.4,144.1,153.3,26.3,1
63.3,132.9,152.6,19.8,1
66.1,168.3,94.2,19.1,1
22.7,153.7,116.8,26.9,0
32.5,122.5,60.0,22.2,0
53.9,122.3,113.5,18.7,0
47.3,136.5,82.2,30.8,0
51.7,112.9,103.5,22.8,0
39.2,149.0,60.0,31.7,0
65.2,134.5,124.2,26.1,1
63.7,132.6,60.0,27.5,0
53.0,140.4,115.2,24.9,1
68.9,159.0,67.1,15.0,1
59.0,131.1,80.3,20.3,0
39.1,126.0,150.4,25.4,1
57.5,155.2,130.6,27.8,1
37.6,145.4,150.2,17.1,1
65.2,122.2,164.6,25.7,1
51.3,128.1,83.0,20.4,0
49.2,131.5,162.5,27.2,1
41.8,134.5,60.0,25.9,0
70.3,103.6,136.1,29.7,0
49.7,100.2,92.7,31.3,0
45.6,112.0,77.4,28.3,0
46.7,110.6,131.5,30.3,0
60.0,116.4,143.1,24.2,1
57.5,139.4,142.0,40.1,1
58.2,125.0,117.5,19.9,1
58.5,131.5,114.6,23.4,0
84.1,106.0,128.4,30.5,1
45.9,119.7,120.6,29.8,0
44.3,138.6,128.9,28.4,1
39.8,138.7,117.1,29.4,1
61.2,115.0,139.5,15.6,0
68.9,130.9,60.0,33.9,1
50.3,167.6,105.4,25.0,1
39.4,127.7,61.6,32.2,0
39.6,115.5,119.7,15.8,0
61.8,124.9,167.5,27.3,1
63.1,129.7,93.4,23.2,0
60.1,125.3,114.5,28.9,1
42.0,127.4,136.5,27.6,0
55.5,102.0,60.0,27.8,0
53.8,110.7,91.7,20.7,0
55.3,125.3,122.8,25.7,0
65.1,125.0,60.0,25.1,0
55.4,117.8,75.8,28.5,0
62.2,124.8,148.5,30.9,1
53.0,129.1,145.1,26.8,0
56.3,144.0,123.1,19.6,1
61.5,126.2,140.9,26.5,1
30.1,135.2,117.5,39.1,1
47.2,118.3,129.4,34.2,1
44.9,138.3,99.0,15.0,0
42.4,134.8,114.1,26.3,0
47.9,143.6,87.9,30.7,0
74.4,140.8,154.2,25.1,1
39.0,138.6,163.3,23.7,1
66.5,126.2,158.3,24.7,1
26.8,132.4,95.7,28.8,0
47.0,147.1,76.6,20.3,0
54.4,116.3,154.7,31.9,1
60.8,116.7,129.0,25.7,1
62.7,131.3,121.5,21.3,0
63.9,135.5,87.8,31.6,1
46.8,113.2,124.9,18.3,0
45.1,126.7,72.0,23.2,0
64.9,126.3,132.2,23.1,1
49.1,88.1,158.3,36.7,1
32.9,124.0,167.1,22.6,1
35.0,125.2,134.8,15.2,0
38.2,125.1,61.6,23.1,0
59.5,153.5,116.9,28.3,1
54.1,106.1,184.9,29.9,1
62.4,113.2,79.6,37.4,0
45.6,85.0,107.9,33.0,0
54.4,119.3,159.5,26.9,1
61.4,120.9,131.6,21.5,0
47.4,118.8,196.8,34.1,1
58.9,147.9,84.3,24.2,0
42.1,143.5,75.4,22.7,0
46.6,129.4,152.8,23.9,1
46.3,121.3,68.1,19.7,0
34.1,146.5,103.1,23.7,0
59.3,127.6,107.7,24.8,0
45.0,113.3,146.3,29.7,1
52.2,97.1,131.5,24.1,0
59.2,120.1,126.0,19.7,1
58.7,141.6,95.9,18.0,0
62.0,169.0,152.5,27.0,1
50.5,129.1,250.9,26.4,1
45.7,114.2,134.2,23.2,1
50.8,106.7,113.5,23.7,0
26.7,137.9,64.6,27.9,0
30.3,96.2,87.7,33.0,0
32.2,137.9,102.5,22.1,0
37.0,142.7,91.3,26.4,1
58.0,135.9,109.4,30.8,1
38.4,124.0,172.2,22.1,1
46.3,138.2,153.7,25.9,1
71.5,131.1,104.4,25.8,1
46.7,114.0,67.7,19.4,0
63.1,161.3,156.8,26.8,1
38.0,121.7,108.3,26.2,0
48.9,142.0,60.0,28.8,1
37.7,85.0,134.9,20.1,0
46.9,151.0,145.9,26.0,1
64.6,154.4,60.0,32.9,1
26.1,128.5,81.1,36.4,0
58.5,138.1,106.1,32.4,1
55.6,138.1,135.7,20.1,1
43.1,116.4,91.9,28.3,0
30.3,137.8,80.9,23.6,0
53.1,113.4,135.5,27.4,0
44.1,117.0,93.6,22.1,0
55.5,148.3,129.0,17.4,1
52.3,145.5,71.1,24.3,0
76.0,115.3,62.7,29.6,0
48.4,114.8,136.4,27.4,0
36.6,116.4,118.8,28.0,0
54.7,141.2,142.3,27.1,1
55.3,110.0,91.4,28.0,0
72.4,134.4,82.2,28.6,0
64.5,141.4,157.6,24.6,1
57.4,126.4,60.0,26.4,0
73.9,146.2,153.8,34.7,1
34.2,122.5,156.2,26.7,1
42.4,124.2,140.1,26.2,1
38.1,110.4,85.9,26.5,0
46.2,146.3,81.4,24.9,0
31.3,114.2,102.6,23.8,0
61.5,134.3,64.7,27.0,0
48.7,126.7,76.3,23.5,0
29.9,109.0,132.6,25.3,0
36.8,117.0,132.7,22.0,0
56.7,152.9,73.3,26.5,1
64.6,131.6,133.7,28.9,1
82.0,109.8,125.9,24.9,1
90.0,133.5,162.8,16.0,1
58.2,125.4,129.9,29.0,1
37.2,190.2,147.1,26.6,1
20.0,133.1,126.7,21.0,0
56.0,121.1,144.3,29.9,1
39.8,153.6,65.0,19.0,0
45.8,94.9,105.7,31.2,0
42.8,129.7,108.6,25.7,0
49.9,163.9,101.5,15.0,1
68.0,125.9,125.5,26.9,1
54.4,96.8,132.2,24.0,0
49.6,120.9,123.7,23.2,0
36.5,154.2,103.8,22.3,0
26.9,134.8,84.2,25.4,0
44.7,112.9,148.4,23.6,1
51.2,115.7,122.2,16.7,0
78.5,117.9,74.3,32.4,0
54.0,134.5,103.2,24.8,0
66.7,152.1,60.0,22.3,0
44.5,146.9,111.2,20.4,1
34.2,136.2,103.1,29.9,0
37.5,104.0,89.9,19.5,0
41.1,104.1,165.5,26.7,1
83.9,137.6,69.5,23.1,1
39.7,103.8,134.7,23.4,0
64.6,123.9,186.5,20.5,1
38.5,133.5,147.7,22.9,0
66.0,107.5,108.9,26.0,0
57.8,109.6,70.3,27.2,0
49.7,126.3,62.3,22.1,0
51.4,137.1,95.6,25.5,0
42.2,147.1,86.0,30.4,0
58.7,138.9,84.8,17.7,0
45.2,129.3,98.6,26.0,0
33.6,114.6,106.4,21.2,0
32.8,108.7,127.0,20.7,0
54.6,118.8,66.7,27.3,0
75.7,135.4,86.1,23.3,1
54.4,134.1,104.4,19.9,1
50.2,90.2,103.2,32.6,0
56.3,113.9,174.3,30.6,1
71.6,149.7,118.1,16.3,1
55.3,129.4,60.0,18.6,0
45.8,102.5,124.6,29.0,0
68.6,170.4,129.1,24.6,1
58.4,127.5,105.6,33.5,1
75.0,134.9,67.5,29.1,1
54.7,135.2,171.5,27.5,1
33.6,121.4,72.6,20.9,0
31.5,114.9,133.1,28.5,0
76.8,166.2,117.0,19.6,1
77.9,146.1,131.0,32.5,1
49.3,142.8,169.7,28.1,1
46.3,138.4,129.7,21.9,1
73.9,109.9,90.4,30.0,0
35.4,151.0,148.7,37.2,1
38.6,112.8,87.9,24.9,0
61.6,133.1,115.7,28.8,1
46.1,98.5,64.7,23.8,0
51.9,91.3,73.8,26.4,0
49.5,133.7,111.8,18.5,1
57.1,113.4,122.9,26.0,1
73.1,92.2,60.0,26.2,0
53.4,137.7,127.4,35.0,1
61.7,166.2,81.3,17.0,1
21.2,153.0,154.8,24.6,1
51.3,123.4,97.7,32.4,1
39.4,128.2,70.7,24.8,0
33.7,144.0,112.7,25.1,0
38.8,148.2,77.9,21.8,0
47.0,121.8,154.4,21.3,0
65.7,128.6,110.0,16.9,0
32.1,133.4,104.7,22.9,0
52.5,138.0,130.7,21.1,1
44.7,125.6,74.8,26.6,0
47.1,125.8,64.9,22.1,0
67.0,152.8,124.3,23.6,1
60.1,149.8,71.5,23.7,0
72.1,136.6,71.5,25.8,1
49.7,158.9,139.3,23.4,1
41.6,121.0,128.4,20.7,0
48.6,157.2,66.1,26.4,0
55.6,137.8,88.3,31.3,0
54.6,186.9,78.4,26.6,1
35.7,106.5,172.2,23.0,0
53.4,115.6,141.7,25.4,0
55.4,135.5,95.3,15.7,0
89.8,135.2,130.2,25.3,1
80.2,163.1,62.5,24.0,1
39.2,116.0,86.5,21.3,0
47.7,144.3,113.7,22.2,0
30.0,148.9,125.8,23.9,1
43.1,140.7,106.6,31.0,0
56.7,110.7,118.7,31.5,0
70.1,153.3,112.7,21.4,1
41.1,150.1,104.3,23.4,0
42.2,138.8,99.6,23.5,0
19.8,131.7,95.1,30.0,0
49.6,132.1,118.1,26.7,1
36.1,126.6,124.4,26.5,1
44.1,139.5,116.9,28.7,1
38.8,128.6,68.7,23.0,0
50.6,112.7,75.0,32.8,0
25.6,109.1,124.0,26.0,0
30.0,114.5,161.5,21.7,0
83.9,132.0,115.3,24.9,1
32.7,127.5,95.6,32.2,0
35.5,131.9,117.9,23.9,0
79.6,137.0,70.2,30.7,0
90.0,116.7,155.8,22.9,1
34.4,154.4,116.5,22.2,1
46.5,123.2,86.6,29.3,0
57.1,120.2,104.2,21.6,0
77.9,136.7,91.6,30.1,1
37.2,94.9,155.9,27.8,0
48.3,113.8,102.9,21.6,0
63.7,145.7,115.4,25.6,1
58.5,96.7,130.1,23.3,1
46.4,148.1,84.1,27.7,0
50.0,155.2,116.8,35.4,1
31.4,121.3,119.6,24.1,0
48.4,133.3,60.0,28.7,0
48.0,148.1,118.8,26.1,0
55.5,119.6,108.4,26.1,0
43.7,143.6,114.5,25.2,1
59.1,115.9,111.2,21.7,1
67.2,119.4,119.1,27.7,1
54.3,113.6,156.8,24.6,1
57.3,134.2,68.7,21.5,0
52.8,148.8,98.0,31.1,0
52.0,124.7,133.3,26.5,0
41.2,105.1,126.8,24.9,0
56.7,108.5,126.1,32.7,1
50.5,135.1,206.4,16.8,1
83.4,161.2,131.5,32.4,1
75.6,135.1,149.6,21.6,1
57.8,121.0,99.3,27.1,0
40.6,141.8,75.2,23.1,0
35.3,123.7,99.0,21.4,0
69.9,121.2,134.9,32.6,1
55.9,110.7,124.2,35.3,1
59.2,153.4,124.1,24.9,1
25.8,85.0,102.5,27.7,0
65.9,142.4,96.9,26.3,1
58.8,119.7,103.7,34.7,0
35.3,120.6,135.4,15.4,0
44.9,158.5,139.4,27.9,1
56.0,115.1,74.8,22.4,0
52.8,115.8,136.7,15.0,0
47.6,125.7,87.2,24.2,0
50.4,135.4,126.4,35.2,1
48.2,120.0,103.3,22.7,0
54.3,99.7,164.8,30.0,1
74.1,112.4,95.4,32.0,1
18.0,151.1,116.3,25.9,0
48.4,129.3,131.2,26.6,0
54.6,136.1,79.4,17.4,0
56.4,123.3,107.5,22.4,0
46.4,116.1,100.7,30.5,0
25.6,158.2,92.0,26.3,0
56.9,124.6,94.6,27.8,1
77.9,120.0,148.9,26.7,1
29.0,147.7,89.1,37.0,1
65.0,115.0,129.8,23.8,0
47.1,117.3,121.0,34.0,0
51.1,128.2,61.1,26.7,0
36.2,128.0,128.2,34.5,0
47.0,132.7,60.5,19.9,0
71.5,165.7,132.0,26.9,1
60.7,134.1,92.2,24.0,1
78.0,85.2,110.3,26.7,1
69.7,133.9,64.7,32.1,0
58.6,128.7,114.3,27.9,0
78.2,128.8,142.4,32.1,1
58.6,132.4,81.8,22.6,0
64.4,127.5,88.7,21.9,1
47.6,127.1,125.9,26.1,1
53.0,139.0,126.8,25.8,1
41.5,118.2,60.0,25.1,0
66.8,110.9,180.5,21.2,1
34.3,182.4,128.5,32.0,1
63.7,115.1,134.4,24.2,1
49.1,129.8,105.0,33.1,1
69.6,101.1,60.0,26.1,0
63.3,130.1,133.6,29.2,1
79.3,111.2,90.2,28.8,1
63.0,120.0,129.0,21.9,0
28.4,146.8,102.3,27.8,0
51.0,136.5,118.3,35.6,1
34.4,138.2,82.9,27.3,0
44.2,96.1,140.3,30.5,1
74.7,161.1,68.4,29.5,1
61.6,106.5,188.6,27.5,1
41.5,155.5,188.3,26.9,1
36.8,146.4,167.1,28.7,1
52.5,138.4,154.6,29.8,1
33.8,112.6,107.0,19.2,0
41.9,130.7,150.8,27.2,1
56.7,119.5,106.6,25.1,1
69.3,128.5,60.0,24.0,0
61.1,123.5,162.6,32.5,1
18.0,91.3,149.5,22.3,0
56.6,148.2,108.9,19.0,0
53.1,126.5,67.1,30.0,0
58.2,119.3,89.5,18.9,0
76.2,117.9,60.0,16.4,0
21.1,134.5,143.1,30.5,0
43.1,111.9,60.0,26.8,0
60.9,87.4,120.0,28.4,1
28.3,135.3,80.5,23.8,0
74.1,137.3,60.1,19.1,0
57.5,124.4,118.3,20.1,0
64.7,107.3,98.3,24.6,0
43.4,129.6,139.3,19.6,1
64.2,101.6,65.6,27.5,0
68.0,109.5,83.5,23.7,0
55.5,114.5,60.0,26.9,0
55.5,143.2,60.0,26.8,0
56.1,121.5,172.9,27.9,1
39.0,119.9,182.9,28.5,1
49.8,163.2,113.2,24.3,1
49.7,134.3,81.2,26.9,0
57.8,134.1,99.6,27.2,1
67.0,121.3,140.6,15.0,1
36.1,117.3,92.0,29.2,0
50.1,88.6,118.3,26.7,0
74.2,145.4,109.6,28.8,1
40.8,136.1,90.1,19.6,0
39.7,124.8,91.6,24.4,0
55.0,125.5,120.3,20.5,0
64.7,141.3,75.8,29.7,1
52.2,100.0,125.8,19.0,0
71.9,117.4,93.5,21.4,0
64.9,107.5,114.5,28.7,1
64.6,159.9,158.4,22.9,1
60.3,143.8,104.1,21.4,0
86.9,88.4,142.2,30.5,1
48.9,100.8,60.0,30.7,0
21.9,125.6,93.5,29.6,0
76.1,119.5,111.0,30.2,1
45.1,104.2,177.3,24.8,1
53.6,163.0,60.0,25.0,1
71.6,133.6,106.6,22.8,1
28.0,136.5,161.0,26.8,1
33.2,115.5,82.5,23.4,0
28.0,141.0,102.6,23.8,0
40.1,121.2,121.6,29.0,0
58.6,122.9,116.5,31.9,1
59.9,139.0,164.8,28.0,1
56.1,98.7,125.7,35.0,0
30.8,156.7,156.5,22.5,1
18.0,131.3,97.4,16.8,0
52.8,151.1,84.1,29.6,1
44.9,108.6,102.1,22.1,0
58.9,111.4,69.4,24.6,0
62.5,107.1,126.9,17.2,0
54.1,132.5,96.5,21.5,0
63.4,129.2,86.5,18.5,0
55.4,119.6,127.5,23.8,1
60.0,109.7,70.0,24.0,0
41.4,105.2,137.0,26.4,0
49.3,127.1,93.3,32.2,1
55.0,119.6,150.6,29.4,1
64.3,115.7,96.3,17.9,0
46.1,155.8,132.1,29.0,1
59.8,126.5,116.3,26.6,1
48.0,150.9,136.0,25.5,1
50.2,118.4,113.8,25.9,0
64.4,132.4,60.0,27.0,0
22.1,127.0,145.3,22.5,0
32.6,97.4,106.9,25.1,0
29.8,153.7,137.6,31.9,1
18.0,125.6,134.2,22.5,0
41.8,141.4,82.9,20.9,0
63.2,114.5,78.0,25.7,0
47.7,125.0,132.9,20.3,0
55.0,112.4,99.4,17.4,0
68.3,150.2,142.8,24.3,1
71.9,133.6,103.8,33.2,1
51.0,134.6,145.8,25.8,1
72.3,152.4,124.8,26.9,1
53.4,148.8,120.1,15.3,1
39.4,141.8,96.9,28.2,0
43.1,102.4,118.1,26.5,0
29.8,115.5,151.7,22.7,0
38.7,109.9,108.1,26.9,0
46.6,141.1,128.6,26.9,0
64.1,131.1,111.6,20.7,1
77.8,103.0,114.4,27.7,0
31.3,124.6,170.3,32.0,1
57.9,101.1,152.1,24.9,1
36.4,127.0,112.8,21.7,0
59.1,98.2,117.5,25.1,0
50.0,137.5,85.4,30.3,0
24.5,134.8,103.9,19.9,0
65.9,162.3,120.8,28.9,1
42.9,143.3,139.8,22.6,1
44.0,120.4,136.2,27.2,0
36.0,142.7,71.2,23.2,0
42.2,102.8,144.2,23.2,0
58.4,110.7,106.9,33.6,0
49.2,134.0,75.5,19.0,0
56.9,89.2,156.8,28.4,1
57.4,127.3,161.2,34.7,1
71.8,109.6,119.2,29.4,0
46.9,129.8,134.8,19.3,0
29.8,108.6,136.9,19.6,0
68.0,135.6,158.9,22.2,1
47.0,128.3,135.5,26.8,1
68.7,153.2,63.5,27.1,1
57.8,128.1,180.3,19.6,1
50.0,114.2,147.3,21.6,1
57.2,123.6,92.2,21.9,0
81.3,103.8,74.0,25.1,0
83.2,135.3,127.7,35.9,1
53.0,138.6,100.3,21.3,0
54.4,172.4,121.5,21.1,1
68.1,116.8,136.0,20.3,0
39.3,123.2,90.2,29.2,0
57.0,117.6,70.9,25.8,0
51.6,131.8,123.5,21.5,0
56.7,134.9,91.3,24.2,1
39.5,127.0,115.1,22.0,0
28.2,147.6,63.0,27.5,0
20.9,116.9,101.2,39.4,0
35.2,145.8,135.0,28.8,0
45.1,137.7,131.2,25.5,1
47.6,127.8,82.4,22.7,0
81.1,122.3,69.1,19.3,0
68.6,171.7,110.6,29.7,1
37.6,113.3,129.6,29.4,1
57.2,133.4,124.2,23.7,1
45.9,114.5,92.1,32.1,0
47.7,160.1,120.4,26.1,1
54.8,144.0,162.6,29.9,1
61.3,115.8,117.2,27.5,1
46.9,137.2,60.0,25.1,0
68.0,132.6,117.1,21.2,1
34.9,118.7,181.5,25.3,1
52.1,141.6,64.9,30.2,1
90.0,135.0,111.0,23.5,1
55.3,131.9,102.1,28.2,0
73.5,127.2,113.4,20.6,1
53.4,135.8,116.8,29.9,0
60.7,132.1,149.9,27.6,1
51.1,129.1,113.0,20.0,0
49.4,116.5,154.7,24.9,0
40.3,158.5,105.9,30.7,1
58.5,109.1,97.7,19.7,0
39.2,135.7,86.6,20.6,0
62.0,122.2,60.0,25.7,0
68.3,159.7,119.7,36.7,1
57.5,111.7,181.9,22.6,1
47.7,114.8,126.0,28.5,0
58.8,110.5,134.0,27.3,0
47.4,133.8,95.5,23.1,0
66.0,103.3,101.4,26.8,1
24.5,119.4,144.5,23.8,0
47.0,89.3,180.3,24.2,1
22.1,132.3,162.1,17.7,0
29.6,119.0,138.2,25.9,0
72.5,101.2,111.2,30.5,0
65.4,147.5,117.3,26.3,1
41.2,104.5,83.6,31.5,0
29.5,142.3,60.0,28.9,0
18.0,115.4,70.6,25.7,0
43.8,156.8,111.7,22.9,0
88.3,141.5,99.8,23.6,1
58.5,109.9,60.0,18.6,0
43.6,111.5,108.7,24.7,0
59.0,138.9,98.9,26.7,0
28.6,123.3,69.0,34.6,0
47.5,125.0,97.0,28.6,0
53.5,150.9,98.8,21.7,1
50.7,114.5,88.4,18.8,0
63.9,129.6,142.4,25.0,1
57.2,145.2,60.0,30.1,0
62.0,142.6,60.0,24.9,0
41.7,125.1,110.1,28.7,0
65.5,122.8,113.4,25.1,0
76.4,96.7,124.1,29.6,1
37.4,109.0,91.1,18.0,0
38.7,133.7,77.9,34.0,1
72.0,125.5,109.7,20.4,1
49.1,129.3,94.5,30.0,0
73.1,146.7,164.3,24.6,1
45.4,106.6,98.7,25.4,0
73.8,123.7,108.1,24.8,1
54.0,131.4,196.6,27.3,1
55.9,115.3,103.2,28.3,0
75.5,153.8,129.5,31.3,1
46.6,144.4,132.6,33.0,1
37.9,133.2,135.6,27.7,0
45.3,160.3,120.1,34.6,1
58.8,101.0,116.8,26.5,0
28.5,127.9,113.5,31.4,1
61.6,134.6,89.8,28.1,0
43.9,111.5,121.4,23.3,0
69.2,133.4,181.0,26.9,1
18.0,108.1,152.4,28.5,0
40.2,140.4,120.6,25.8,0
26.7,147.0,140.0,28.1,0
39.6,132.9,79.6,30.3,0
55.7,94.6,100.9,25.9,0
49.3,110.6,143.2,15.0,0
48.2,138.2,162.1,34.4,1
49.6,128.4,83.0,24.5,0
55.1,85.0,93.1,21.9,0
36.9,150.4,186.3,20.4,1
62.6,130.5,113.4,24.3,1
61.9,113.3,173.8,23.2,1
57.8,145.9,117.2,22.3,1
60.3,115.8,118.6,22.6,0
56.4,115.6,99.3,28.6,0
82.5,134.5,143.0,36.2,1
50.7,160.1,157.5,30.1,1
47.4,157.2,73.8,31.6,1
40.7,134.5,97.7,24.1,0
36.5,136.3,142.0,26.5,1
33.3,142.2,105.5,28.1,0
38.7,105.4,92.7,22.7,0
50.9,139.6,145.3,23.9,1
57.0,114.8,148.6,30.3,1
52.8,133.7,94.3,31.5,1
40.5,123.9,117.4,26.3,0
65.5,137.0,67.7,20.0,0
63.1,130.1,78.7,24.5,0
49.6,85.0,114.3,18.8,0
42.2,131.2,111.1,26.4,0
60.2,139.6,76.2,27.3,0
54.8,136.0,84.9,24.6,0
30.3,126.2,72.7,27.2,0
51.0,157.6,125.9,28.1,1
55.9,133.6,60.0,27.3,0
38.5,135.9,74.6,20.0,0
54.8,146.8,60.0,24.7,1
30.2,134.5,124.7,28.0,1
72.0,111.8,60.0,33.9,1
70.7,85.0,111.1,24.6,0
48.2,119.4,167.4,28.8,1
57.5,141.7,168.6,30.4,1
18.0,121.6,60.0,25.0,0
34.7,142.4,120.4,31.7,1
47.6,130.7,75.4,32.0,0
35.9,151.2,68.2,32.9,1
62.7,122.7,106.0,28.3,0
82.0,136.4,153.0,37.8,1
34.4,137.1,131.0,22.9,0
39.4,155.0,85.0,36.6,1
55.5,97.3,134.7,29.8,1
76.2,119.7,60.0,32.7,1
33.7,143.3,83.6,24.4,0
55.7,155.8,81.2,30.2,1
79.3,132.3,112.7,33.1,1
27.2,122.7,102.9,20.6,0
32.8,141.6,105.0,25.2,0
45.6,143.6,103.9,15.3,0
44.2,121.5,110.8,25.1,0
64.2,133.9,128.9,21.9,1
55.6,149.2,115.2,24.9,1
25.4,162.0,100.0,40.6,1
59.7,141.4,124.1,34.6,1
43.3,128.8,138.9,18.8,0
71.1,127.0,90.5,28.8,1
42.6,138.0,107.9,30.0,0
42.5,125.9,150.7,24.3,0
60.1,131.4,71.4,26.9,0
63.4,109.0,173.2,27.4,1
58.7,151.3,63.1,19.3,1
26.7,107.5,97.9,20.8,0
60.1,120.2,76.7,26.9,0
36.5,129.8,186.6,26.5,1
55.5,163.8,92.4,22.5,0
30.6,120.4,92.5,22.0,0
58.7,116.0,97.0,25.6,0
39.9,118.1,113.3,30.4,0
32.8,157.9,98.5,25.6,0
62.7,85.0,105.3,34.1,1
55.6,110.0,60.0,22.5,0
42.8,177.2,112.0,27.0,1
73.8,138.6,110.6,24.2,1
45.4,108.1,146.3,28.9,0
52.5,127.2,155.8,22.1,1
56.0,129.2,103.4,35.6,1
42.7,143.2,138.6,17.5,1
59.1,161.1,71.4,34.6,1
44.0,135.0,136.9,26.4,0
45.8,118.3,90.0,28.8,0
72.4,142.2,68.5,32.7,1
36.4,115.4,103.5,30.3,0
18.0,109.4,159.0,22.3,0
76.2,96.3,116.3,29.0,1
90.0,99.8,162.4,35.3,1
45.9,111.9,83.8,21.6,0
22.9,106.8,146.7,36.6,0
47.3,133.6,87.2,27.9,0
47.7,106.4,117.9,23.8,0
49.2,85.0,117.6,21.5,0
35.3,109.2,133.2,24.9,0
60.7,119.5,118.8,16.2,0
59.9,117.1,84.1,23.9,0
29.6,155.4,140.8,24.7,1
62.5,117.0,170.6,20.6,1
82.8,143.9,89.6,29.7,1
54.6,127.7,60.0,24.9,0
46.9,127.2,127.5,22.8,1
49.9,113.0,98.4,24.4,0
61.2,126.9,105.4,27.8,0
26.0,114.2,129.5,26.4,0
54.5,131.1,94.0,22.5,0
46.1,123.7,100.6,26.6,0
79.7,111.0,106.5,25.7,1
49.4,145.9,161.4,20.3,1
77.0,135.7,111.1,24.6,1
35.4,119.9,66.8,28.9,0
60.8,130.6,68.1,28.9,1
56.8,126.5,114.9,24.9,0
39.0,112.4,70.5,29.4,0
54.7,129.3,60.0,21.1,0
70.2,116.8,132.2,21.3,1
47.1,111.0,134.0,24.7,1
26.6,98.8,97.1,33.5,0
51.7,121.5,120.3,26.8,0
38.5,138.2,116.6,24.6,0
46.9,115.5,131.1,33.7,1
50.8,173.4,131.2,24.6,1
26.4,143.9,60.0,37.2,0
27.8,151.5,101.6,23.4,0
59.2,142.3,128.1,20.9,1
44.2,161.4,95.6,25.2,0
18.0,113.8,111.3,24.8,0
63.8,85.0,136.3,22.0,0
56.1,120.0,112.8,39.0,1
41.3,138.0,162.8,27.6,1
32.2,130.7,149.4,28.3,0
64.5,133.0,105.9,23.7,0
57.2,151.8,103.1,23.1,0
87.7,134.9,60.0,31.1,1
58.3,142.4,98.6,17.6,0
57.8,111.1,62.6,20.3,0
49.5,108.3,117.7,24.8,0
64.3,157.1,115.4,32.8,1
61.4,129.8,134.4,24.1,1
70.8,116.8,158.9,28.1,1
44.2,116.8,109.1,26.1,0
45.5,116.3,189.8,32.5,1
44.8,115.2,118.1,18.1,0
63.9,104.9,64.1,29.7,0
74.5,101.0,90.3,25.0,0
45.1,124.5,97.0,30.6,1
45.6,117.3,130.7,21.9,0
56.7,147.9,76.8,26.1,0
48.3,133.3,99.6,25.5,1
66.3,132.8,104.4,21.0,0
18.2,114.6,94.3,19.6,0
39.6,125.8,138.4,23.1,0
40.3,134.5,132.4,26.6,1
18.0,140.9,150.8,22.2,0
37.5,126.3,98.4,24.3,0
38.3,147.4,152.1,16.6,0
49.0,128.1,62.3,24.1,0
68.7,142.3,61.4,31.1,1
48.3,119.2,67.5,29.5,0
36.5,95.4,110.3,25.6,0
51.1,132.8,152.1,27.2,1
67.7,141.1,88.9,21.9,0
37.4,138.4,93.3,34.1,0
38.3,135.6,102.4,36.3,0
60.4,121.7,130.0,26.8,1
48.7,113.5,93.3,39.0,1
61.7,137.9,91.3,22.6,1
51.8,135.7,62.9,19.7,0
62.5,117.9,90.0,22.5,0
36.5,148.0,151.2,24.9,1
51.8,112.1,113.2,37.6,1
48.8,117.5,84.1,24.6,0
33.8,157.5,153.3,21.7,0
28.5,143.6,89.5,21.5,0
62.3,121.6,159.7,31.7,1
46.7,133.2,159.1,31.0,1
36.7,130.8,112.0,23.6,0
50.6,85.0,60.0,16.6,0
68.9,111.7,190.1,20.4,1
18.0,127.1,123.6,34.6,0
29.6,121.6,98.7,29.4,0
38.2,132.4,143.5,26.3,0
73.9,148.3,134.6,35.3,1
56.2,122.2,155.9,35.8,1
63.5,109.0,86.8,25.8,0
34.9,133.8,121.1,25.9,0
35.2,122.1,68.5,23.1,0
58.7,125.2,133.3,24.6,1
52.9,122.7,109.2,18.6,0
60.2,168.4,119.8,18.5,1
49.2,87.7,104.9,17.4,0
56.2,121.0,101.2,31.4,0
54.4,127.9,79.6,18.2,0
63.7,113.9,137.7,35.7,1
64.1,144.2,162.1,22.3,1
27.7,142.6,90.5,34.7,1
18.3,127.1,129.4,24.2,0
67.0,123.1,125.1,18.2,1
69.8,126.0,110.3,32.4,1
36.7,126.1,60.0,33.0,0
24.1,126.6,64.4,21.5,0
53.5,124.6,82.7,24.3,0
66.0,132.5,60.0,21.5,0
79.0,141.6,159.3,25.4,1
59.7,105.9,122.9,26.5,1
46.4,109.1,109.0,24.2,0
38.6,96.5,60.0,16.9,0
52.2,143.6,60.0,23.1,0
47.5,132.5,109.9,29.5,0
36.8,137.1,179.0,25.0,1
82.7,102.3,85.5,24.4,0
78.8,160.1,140.2,21.3,1
69.0,117.0,93.2,22.9,0
38.2,131.0,111.9,33.0,1
64.8,143.4,152.5,20.3,1
61.6,110.2,97.9,29.6,1
58.6,118.2,85.8,26.2,0
70.7,131.2,159.6,27.2,1
61.5,179.4,111.6,22.3,1
63.1,133.4,148.2,24.2,1
61.6,156.9,86.0,26.0,1
57.1,149.7,159.2,23.4,1
25.2,134.6,119.6,27.7,0
53.3,110.2,125.2,28.3,0
43.7,147.1,114.6,36.9,1
32.8,101.0,92.3,27.4,0
77.2,156.8,109.9,16.4,1
77.9,131.6,94.5,31.8,1
72.4,85.0,143.6,25.0,0
55.8,121.9,102.9,36.1,1
72.3,139.8,60.0,33.4,1
52.2,123.7,60.0,23.5,0
55.0,140.9,60.0,29.6,1
35.6,112.7,131.6,23.0,0
58.0,104.5,69.7,26.0,0
52.9,126.7,120.5,29.4,1
32.5,128.6,114.8,31.6,0
51.2,121.7,107.7,30.5,0
50.8,150.1,125.3,26.4,1
79.0,112.7,115.5,38.4,1
65.4,133.6,60.0,24.2,0
52.2,129.2,98.7,18.0,0
55.7,100.0,124.9,18.9,0
52.7,104.3,167.4,33.4,1
49.0,128.2,169.0,25.6,1
35.8,163.7,62.3,26.8,0
49.7,138.4,97.8,23.3,0
40.8,96.9,60.0,23.7,0
33.2,85.0,163.2,22.1,0
59.7,141.2,145.4,28.4,1
57.9,126.3,122.3,25.5,0
25.2,148.5,115.8,28.2,0
50.2,112.1,158.3,27.7,1
66.9,134.3,152.4,23.9,1
67.9,143.2,150.5,18.7,1
67.4,119.9,126.0,18.3,0
52.6,120.3,97.8,41.1,1
39.3,128.5,136.8,33.4,1
35.7,137.8,138.6,32.7,0
57.2,127.7,103.3,22.6,0
57.7,145.5,97.7,26.0,1
71.3,119.7,149.7,21.9,1
68.5,104.1,168.2,19.4,1
50.0,163.6,83.8,23.1,1
33.3,117.1,100.8,32.6,0
47.2,117.8,122.3,30.2,0
55.3,126.8,127.0,21.1,1
49.0,129.2,91.7,24.4,0
43.3,121.0,175.9,29.7,1
55.8,127.7,124.8,23.1,0
44.4,127.3,128.6,26.4,1
42.6,131.1,171.6,28.0,1
56.7,85.6,94.3,28.0,0
46.0,161.9,106.9,27.3,1
55.7,125.3,66.1,22.7,0
56.1,138.5,104.0,23.2,0
34.9,103.2,60.0,20.3,0
44.8,119.5,136.2,18.2,0
73.6,115.9,124.7,25.4,1
34.6,154.5,100.3,30.1,1
20.3,117.5,106.5,19.1,0
24.1,141.6,136.7,27.4,0
52.4,116.3,70.2,29.9,0
52.5,119.9,117.1,16.8,0
50.2,123.6,134.5,24.6,0
70.2,151.1,60.0,34.2,1
18.0,94.0,134.0,28.8,0
57.9,104.3,60.0,16.6,0
75.4,92.9,105.9,29.3,1
35.1,108.4,69.3,22.3,0
46.3,113.4,160.1,29.5,1
40.7,98.9,69.5,22.5,0
38.6,114.8,60.0,25.7,0
47.1,91.7,114.7,23.3,0
73.4,109.7,95.5,26.0,0
79.6,149.6,60.0,23.2,1
47.0,135.3,128.4,24.9,0
80.6,131.4,60.0,20.1,0
52.5,109.9,73.7,28.5,0
78.3,100.4,89.9,26.9,0
50.6,107.5,138.1,17.9,0
54.0,127.2,155.3,31.0,1
57.5,143.6,148.6,25.1,1
90.0,144.2,104.6,26.8,1
64.8,139.4,60.0,29.8,0
41.4,114.7,123.7,27.6,0
66.5,128.4,161.5,31.8,1
46.6,122.2,153.2,24.5,0
44.7,124.4,126.2,31.2,1
65.6,164.7,68.4,26.6,1
52.5,96.3,91.6,28.5,0
56.2,123.8,177.7,28.0,1
52.2,149.8,60.4,32.2,1
57.0,101.6,69.8,29.6,0
58.4,116.4,143.0,23.8,1
22.9,118.5,94.9,22.8,0
62.0,124.0,68.6,25.8,0
37.3,99.3,163.5,22.2,0
30.4,138.7,126.1,20.7,0
51.1,140.0,96.6,15.4,0
53.3,137.2,69.9,18.3,0
41.6,112.3,181.7,35.9,1
64.5,129.6,109.1,22.7,0
31.9,111.8,158.9,35.5,1
45.9,122.0,141.3,28.0,1
43.2,166.8,91.8,25.8,0
51.3,129.7,92.0,18.5,0
56.2,106.6,160.6,26.0,0
36.9,131.2,161.2,35.5,1
62.9,103.7,60.0,33.8,0
52.9,106.4,129.2,27.4,0
23.6,109.3,105.8,20.3,0
22.6,120.0,73.8,21.2,0
51.8,144.9,119.2,21.7,1
48.7,138.4,62.8,32.4,0
50.4,137.4,93.7,34.2,1
51.6,108.2,82.1,27.0,0
55.4,118.3,92.5,24.5,0
66.2,132.9,107.5,33.7,1
35.3,116.7,74.5,21.1,0
34.4,123.0,165.1,26.3,1
35.6,135.9,127.3,28.3,1
56.3,121.7,172.8,21.7,1
70.7,132.1,104.4,22.8,1
45.5,156.7,90.8,22.4,0
18.0,124.9,171.5,33.1,1
26.4,149.2,89.8,35.6,0
39.5,138.1,103.8,26.6,1
43.6,101.6,135.2,24.7,0
45.9,108.2,66.7,23.0,0
52.6,113.0,134.9,26.0,1
47.3,112.6,130.4,23.2,0
67.7,126.4,154.4,25.5,1
41.9,139.1,141.2,28.1,1
39.1,150.6,155.5,24.0,1
59.2,133.5,106.1,25.1,0
29.0,120.0,79.8,25.1,0
57.8,90.5,183.8,24.4,1
53.5,129.3,60.0,23.8,0
49.8,128.5,60.1,29.8,0
75.8,131.3,129.8,17.1,1
42.7,165.9,166.9,33.9,1
82.9,150.3,116.6,26.7,1
48.6,142.1,145.0,29.1,1
32.8,110.7,60.0,29.6,0
53.0,118.8,92.5,22.5,0
35.9,126.3,60.0,21.4,0
40.7,114.0,137.3,20.8,0
58.0,137.0,60.0,24.8,0
60.3,134.4,65.3,29.5,0
42.7,108.4,128.0,23.1,0
66.8,149.5,147.2,29.0,1
69.4,129.8,104.4,15.0,1
73.5,96.9,130.0,24.1,0
59.9,127.1,128.8,31.8,1
72.5,133.1,102.5,25.1,1
23.8,145.5,71.7,21.9,0
47.2,121.9,129.8,22.7,0
39.0,142.9,131.5,15.0,0
53.8,131.4,141.3,20.9,1
43.4,104.3,120.9,31.3,1
49.5,102.5,69.1,23.1,0
80.2,148.2,134.2,23.7,1
49.5,149.5,110.0,15.0,0
58.2,133.8,93.1,17.8,0
48.5,154.9,99.7,32.0,1
53.1,147.0,85.8,29.1,1
52.1,140.3,141.1,19.5,0
58.7,111.6,60.4,22.8,0
69.5,159.2,75.2,25.9,1
76.7,137.7,98.5,20.0,1
56.6,121.1,166.5,16.0,1
60.8,116.0,146.9,25.2,1
34.7,132.6,60.0,28.9,0
50.7,97.9,157.3,29.0,1
66.1,140.6,157.2,30.4,1
65.0,110.8,68.9,18.2,0
55.2,134.7,60.0,26.3,0
65.3,118.6,107.5,24.7,1
59.4,123.2,149.3,25.6,1
70.0,114.4,165.7,24.9,1
56.3,125.1,79.5,22.7,0
46.7,162.0,171.3,15.0,1
57.0,152.9,60.0,31.8,1
18.0,134.4,97.1,27.6,0
57.7,127.5,95.4,18.6,0
18.0,143.2,150.3,28.4,0
26.1,148.3,155.4,23.8,1
58.8,113.1,143.4,23.9,1
59.2,126.6,62.7,22.2,0
34.6,95.2,140.2,28.7,0
41.3,148.2,127.8,22.0,1
72.6,165.2,60.0,20.5,0
44.7,129.4,60.0,31.7,0
85.6,89.7,146.3,25.1,1
52.0,139.0,103.7,25.3,1
58.1,111.7,65.0,29.5,0
76.3,116.1,102.7,22.7,0
54.0,139.3,122.7,23.7,1
37.0,132.6,107.1,27.5,1
50.4,119.2,60.0,18.3,0
51.5,116.3,176.0,27.1,1
31.5,130.3,145.1,22.2,0
48.2,120.6,98.3,30.3,0
40.9,108.0,99.7,28.7,0
65.9,122.0,122.6,28.1,1
52.5,134.1,70.5,18.0,0
47.8,124.8,121.3,25.5,1
50.4,102.6,63.4,20.1,0
55.3,145.8,107.5,25.8,1
61.3,85.0,69.1,15.0,0
37.0,120.0,70.9,18.3,0
36.4,116.8,167.6,31.9,1
68.6,130.7,112.1,27.8,1
45.8,138.1,117.3,24.2,0
30.7,148.3,60.0,21.5,0
58.7,115.2,89.1,20.6,0
59.0,138.6,126.1,27.0,1
29.0,131.5,116.8,24.3,0
55.4,97.2,60.0,33.7,0
63.0,162.2,117.2,25.1,1
57.6,102.1,122.8,26.3,0
61.5,135.6,154.9,19.1,1
30.9,135.0,87.1,24.2,0
57.0,133.0,60.0,26.9,1
47.5,119.1,75.1,24.1,0
44.8,142.9,71.6,23.6,0
65.1,99.9,135.8,27.6,0
74.2,126.8,60.0,33.6,1
78.9,117.9,94.3,26.7,1
71.7,115.8,159.9,31.7,1
50.4,135.7,110.3,29.1,1
57.3,147.4,141.4,31.4,1
63.5,121.8,60.0,23.0,0
53.8,142.1,60.0,25.0,1
54.0,128.9,160.3,25.0,1
64.4,111.9,113.5,28.7,0
51.1,123.4,113.6,30.0,1
41.1,122.6,70.9,26.6,0
45.8,115.5,113.5,30.4,0
61.5,135.7,69.9,23.2,0
52.0,132.2,151.5,30.4,1
57.1,99.4,205.5,31.1,1
62.1,98.3,126.9,29.4,1
46.4,135.6,87.8,26.7,0
63.3,113.3,60.0,29.6,0
57.7,133.4,60.0,21.5,0
33.5,142.1,164.4,27.0,1
73.6,105.1,74.0,27.5,0
44.5,102.6,97.0,19.4,0
27.2,158.1,132.9,28.4,1
36.3,134.3,161.9,19.8,1
36.7,120.5,103.0,23.9,0
52.8,111.2,95.8,26.2,0
47.9,118.8,112.5,22.3,0
46.9,106.6,88.0,26.4,0
61.3,143.9,89.9,26.3,1
57.1,114.0,124.4,21.9,1
56.7,147.7,116.5,28.8,1
58.1,120.8,184.6,22.2,1
61.2,109.2,125.4,37.4,1
20.4,120.3,150.3,25.5,0
46.5,85.0,72.5,20.1,0
19.3,125.8,128.4,21.1,0
52.5,124.9,84.7,31.7,1
51.9,142.8,123.8,24.0,1
67.7,94.0,134.1,19.2,1
69.8,148.9,111.7,30.3,1
55.0,142.8,194.3,23.9,1
44.5,150.5,160.0,29.3,1
59.3,127.1,151.2,30.7,1
44.1,146.3,136.8,27.4,1
52.0,101.5,171.7,38.0,1
66.8,140.8,60.0,17.4,0
43.6,114.1,158.0,21.9,0
64.1,98.3,75.3,24.7,0
62.2,107.8,90.2,37.3,0
37.7,128.1,129.6,35.0,1
66.6,113.2,153.2,32.4,1
62.5,134.8,69.6,22.0,0
53.5,95.5,92.1,22.6,0
40.6,89.7,113.4,21.9,0
39.1,152.7,103.5,22.1,0
43.9,144.3,139.9,33.5,1
60.1,109.1,230.3,24.8,1
37.7,127.9,124.7,25.4,0
58.6,146.4,84.3,29.9,1
33.4,135.5,64.6,17.7,0
48.9,130.7,98.6,26.3,0
53.6,147.7,77.1,20.5,0
88.7,114.8,126.4,24.5,1
31.3,128.6,125.8,23.1,0
74.1,127.7,93.8,22.8,1
54.2,123.1,179.5,27.1,1
58.2,121.0,84.3,27.1,0
53.8,129.3,105.8,24.9,0
58.7,128.6,132.4,27.9,1
49.7,109.1,141.2,21.7,0
73.8,142.4,154.7,29.4,1
45.2,110.4,125.0,25.0,0
69.0,124.1,146.8,23.6,1
42.3,122.7,86.7,22.0,0
51.1,134.4,142.1,24.8,1
35.9,89.9,141.7,35.4,0
58.8,144.0,163.0,25.7,1
73.7,115.8,60.0,20.3,0
50.8,150.0,78.2,30.6,1
49.0,119.4,138.8,23.6,0
35.3,127.1,60.0,27.4,0
48.6,162.4,127.2,23.0,1
28.1,123.0,147.1,32.4,0
38.3,150.3,89.8,23.0,0
55.4,128.7,94.9,33.0,0
71.8,135.5,72.4,20.8,1
90.0,129.3,91.7,24.5,1
43.2,143.3,92.8,33.0,1
73.5,115.7,86.1,26.8,0
55.7,110.3,84.2,37.4,0
49.7,116.5,100.5,24.7,0
58.5,129.8,100.1,27.3,1
52.9,124.0,175.6,35.5,1
53.7,140.8,96.2,18.4,0
45.9,151.5,122.0,17.8,0
31.0,110.4,89.8,22.0,0
28.8,114.8,89.4,30.1,0
61.8,102.1,60.0,18.0,0
47.8,164.5,60.0,29.0,0
43.1,133.5,67.8,28.6,0
52.1,136.6,116.4,36.1,1
63.9,103.9,147.7,31.2,1
54.7,128.0,60.0,27.8,0
42.2,137.2,90.8,32.8,0
70.4,123.5,62.2,28.7,0
75.7,147.4,100.8,23.7,1
59.4,169.6,147.7,20.3,1
66.6,111.0,94.4,23.2,0
70.6,109.6,108.3,25.8,1
69.0,112.2,160.9,26.9,1
61.2,156.9,126.0,15.3,1
61.0,146.8,83.4,24.9,1
59.8,125.6,115.6,26.1,0
35.5,128.7,81.0,28.7,0
62.5,113.3,124.7,34.1,1
31.7,144.0,128.0,26.9,0
40.1,121.2,62.1,21.5,0
71.6,123.3,116.1,16.9,1
64.6,139.0,105.9,29.4,1
74.3,124.6,129.1,21.7,1
47.9,123.8,139.1,30.3,1
34.7,128.2,126.7,33.0,0
48.4,142.3,99.4,18.3,0
53.5,157.6,142.7,28.8,1
53.2,138.5,79.4,32.5,0
69.0,142.5,63.8,31.1,1
46.6,124.4,60.0,15.5,0
57.3,115.3,107.5,21.7,0
37.2,139.8,81.2,19.6,0
58.8,131.1,123.9,28.6,1
52.0,102.4,60.0,28.1,0
40.8,122.1,87.3,15.0,0
48.5,126.5,126.5,24.5,0
49.2,118.8,74.0,30.0,0
47.9,154.7,124.3,26.7,1
78.6,136.6,90.5,26.7,1
50.5,152.7,108.9,24.2,1
48.3,132.7,130.8,20.7,1
20.5,129.5,143.3,25.9,0
38.6,111.1,113.2,26.3,0
48.1,128.2,81.5,29.1,0
41.7,128.2,94.0,29.5,0
72.7,103.4,132.3,26.4,0
49.5,118.3,74.3,31.5,0
71.3,122.2,103.8,24.1,1
52.9,135.4,96.5,18.8,0
52.6,136.3,106.4,28.4,1
50.7,117.5,74.7,26.6,0
52.1,136.4,60.0,28.5,0
77.8,124.7,128.2,19.7,1
18.0,85.0,143.7,35.0,0
22.0,119.3,60.0,29.6,0
43.9,147.4,122.9,24.6,1
52.2,97.7,147.9,21.3,0
62.4,130.0,130.9,31.4,1
59.1,156.5,95.4,20.5,1
46.2,114.3,77.0,37.3,0
67.3,128.0,112.8,22.9,1
67.5,104.5,118.7,34.6,1
54.8,157.3,113.4,25.1,1
66.4,126.5,103.7,33.9,1
56.1,128.8,72.1,22.3,0
43.6,152.4,124.8,26.1,1
62.5,139.9,126.5,30.0,1
53.7,112.2,117.0,29.3,0
52.0,116.3,113.9,31.5,0
74.1,136.9,168.8,23.6,1
18.0,116.8,88.1,26.4,0
30.7,89.9,154.9,32.2,1
34.2,127.0,84.3,22.5,0
46.6,101.4,148.8,28.9,1
48.2,157.1,153.2,24.9,1
29.4,131.2,99.7,27.0,0
37.2,111.7,168.1,26.4,1
39.1,115.4,126.4,22.1,0
88.9,94.0,79.3,24.7,1
79.0,108.2,96.9,26.7,1
45.8,146.3,149.6,25.5,1
46.5,168.2,142.3,33.9,1
34.8,141.1,73.0,31.0,0
23.4,126.3,105.1,27.4,0
50.2,120.2,117.1,22.2,0
37.0,110.8,92.2,21.9,0
50.7,165.1,192.5,35.9,1
28.0,124.6,118.2,21.0,0
40.6,166.1,107.8,26.6,1
54.2,153.1,151.7,27.8,1
57.5,96.7,97.2,24.4,0
58.3,116.0,145.3,21.0,0
32.2,116.0,60.0,22.1,0
64.8,126.6,94.1,23.3,0
40.0,126.9,146.7,22.5,0
61.5,181.9,165.0,32.6,1
51.8,108.6,82.9,26.0,0
31.4,132.1,78.9,23.4,0
47.3,139.1,129.9,26.5,1
57.5,128.0,88.2,29.3,1
61.2,130.0,100.6,24.3,1
49.9,109.2,140.7,30.5,1
75.0,129.9,91.0,19.6,1
67.1,137.2,60.0,31.9,0
48.2,133.9,64.5,26.0,0
63.3,138.3,110.3,25.8,1
81.0,153.4,60.0,22.5,1
81.4,144.9,99.6,19.9,1
33.6,129.3,61.3,17.7,0
38.1,106.9,167.4,22.2,0
74.3,117.2,185.8,28.9,1
36.1,124.0,73.0,21.2,0
32.2,132.5,119.0,18.3,0
44.7,119.4,76.4,21.5,0
58.3,111.2,99.2,24.1,0
50.5,106.6,173.1,24.3,0
42.2,98.3,93.7,25.4,0
41.9,123.8,100.0,31.2,1
41.3,101.5,77.0,32.2,0
38.8,110.0,150.1,36.0,1
86.2,120.9,60.0,17.9,0
56.5,104.0,94.5,21.7,0
65.3,134.8,108.4,29.5,1
44.7,141.3,86.9,23.7,0
49.2,118.1,140.2,30.3,1
41.3,120.1,152.1,27.0,1
18.0,137.7,60.6,33.9,0
31.3,115.1,183.3,31.2,1
24.8,113.9,60.2,31.3,0
18.3,149.5,155.1,23.9,1
34.1,143.9,115.2,25.5,1
71.9,138.8,92.4,24.5,1
51.3,144.7,95.7,18.5,0
71.4,92.4,108.8,33.4,1
58.2,152.4,117.3,29.7,1
63.7,135.1,77.8,24.3,0
38.5,146.2,101.8,32.5,1
59.9,135.0,83.0,22.8,0
62.9,128.9,67.5,16.8,0
43.4,123.0,81.4,31.0,0
60.4,134.6,69.8,19.6,0
60.5,122.4,95.3,25.0,1
43.8,143.6,125.1,27.0,1
35.2,99.4,114.2,27.9,0
34.2,118.3,179.1,30.2,0
53.3,164.8,60.0,28.9,1
56.9,116.7,126.4,28.7,1
40.1,123.7,110.2,22.0,0
52.4,112.1,138.5,27.5,0
60.6,134.0,135.1,18.5,0
61.3,114.7,104.2,33.8,0
75.3,124.7,116.0,19.0,1
71.2,143.3,84.0,24.3,1
37.0,115.4,131.5,19.4,0
77.3,142.2,60.0,22.3,1
44.0,142.8,137.2,26.1,0
67.7,147.0,109.2,23.4,1
53.0,130.5,93.0,31.7,0
45.8,186.3,101.9,27.1,1
24.9,147.0,104.4,23.7,0
49.4,133.8,155.4,25.3,1
28.6,112.2,223.2,32.1,1
66.5,126.3,152.7,30.5,1
74.8,153.7,90.2,20.3,1
40.0,158.8,132.0,22.6,0
56.5,154.6,133.6,28.4,1
41.1,142.1,77.6,27.8,0
42.6,105.4,65.9,20.7,0
63.6,136.8,107.8,29.7,1
51.4,105.7,138.3,21.5,0
78.1,101.2,60.0,32.5,1
44.8,132.3,84.8,28.6,1
67.0,137.4,130.0,20.3,1
53.5,144.3,111.5,23.4,1
63.9,136.9,159.6,23.3,1
45.3,137.6,60.6,26.8,0
51.3,110.3,192.3,25.0,1
50.3,126.1,60.0,20.3,0
39.5,100.9,60.0,19.0,0
61.9,91.9,107.9,28.7,0
61.8,141.3,70.3,27.4,0
60.9,114.4,108.6,26.5,0
75.1,143.7,107.4,27.4,1
73.7,148.0,103.1,22.9,1
46.4,116.9,80.5,26.9,0
57.6,138.6,125.1,38.7,1
42.6,116.1,98.9,31.9,0
52.4,94.8,148.6,24.6,0
43.0,130.2,103.7,23.4,0
76.3,119.5,76.2,15.0,0
57.5,120.1,60.0,31.3,0
48.7,163.6,104.0,29.9,1
69.9,100.5,65.6,23.3,0
19.4,134.9,62.8,18.8,0
21.8,110.1,128.5,20.2,0
63.9,144.3,60.0,28.2,1
52.9,133.4,159.4,25.6,1
55.8,134.8,115.6,29.5,1
32.1,111.0,108.5,26.4,0
51.7,114.2,73.8,30.8,0
82.1,144.7,136.8,27.8,1
64.4,159.9,109.9,30.1,1
54.5,136.6,86.0,15.6,0
45.4,111.8,117.0,19.8,0
46.1,134.1,60.0,24.2,0
20.1,171.7,60.0,31.4,1
55.9,129.8,70.8,35.4,0
64.7,154.3,122.2,25.2,1
28.4,114.7,109.9,22.9,0
42.1,127.2,146.7,16.2,0
34.6,139.2,77.8,30.3,0
37.5,135.2,130.1,23.2,0
52.8,114.2,106.0,40.8,1
20.7,113.4,77.0,22.3,0
61.2,145.8,123.5,36.5,1
63.3,149.4,107.7,29.7,1
48.2,155.2,88.0,20.9,1
18.0,160.5,111.5,27.2,1
37.1,130.4,105.5,29.9,0
70.5,122.4,104.6,24.9,1
18.0,152.3,95.6,30.2,0
46.8,140.8,64.3,30.1,0
34.3,110.3,112.6,29.0,0
64.1,109.4,81.9,25.9,0
41.9,136.9,74.3,20.1,0
58.1,124.8,101.6,25.6,1
60.5,127.5,135.7,26.9,0
79.5,147.3,116.5,16.6,1
49.0,141.7,91.4,26.8,0
57.6,151.9,90.0,25.5,0
29.7,93.2,132.3,19.5,0
69.9,132.6,60.0,24.3,1
40.6,140.5,137.9,24.4,1
43.6,100.5,60.0,35.7,0
51.7,116.2,60.5,27.1,0
28.6,112.9,92.0,31.2,0
55.4,128.4,186.0,25.4,1
66.5,157.3,168.7,16.6,1
56.4,164.4,134.7,29.4,1
28.2,113.3,122.5,22.7,0
50.1,137.5,60.0,24.3,0
63.1,138.1,115.5,20.7,0
23.8,135.0,90.8,26.4,0
35.9,135.2,81.4,31.3,0
65.1,133.5,115.4,30.7,1
56.1,158.4,93.5,33.9,1
58.2,147.8,140.4,34.6,1
79.9,108.9,60.0,15.8,0
59.0,142.3,112.6,20.0,1
61.9,144.1,79.2,17.0,0
90.0,133.7,95.7,29.2,1
48.8,148.4,120.7,22.5,1
40.0,131.4,70.9,23.6,0
58.4,131.6,115.7,24.9,0
58.6,130.2,102.6,27.9,0
44.1,91.7,86.9,18.6,0
36.5,126.6,93.5,19.7,0
86.6,116.0,104.6,26.0,1
56.9,106.6,83.1,32.0,0
41.0,153.8,110.2,25.9,0
65.7,137.1,100.3,22.0,1
50.4,127.5,88.6,15.3,0
48.2,117.8,165.6,30.8,1
60.4,133.3,124.5,22.3,0
32.6,145.8,96.6,20.3,0
57.3,113.1,115.1,17.4,0
80.7,127.9,74.1,18.8,0
59.0,143.6,94.7,21.2,1
46.4,93.2,98.8,24.8,0
44.4,127.0,66.4,20.0,0
45.8,120.3,123.6,26.9,0
48.2,125.6,92.3,24.8,0
46.3,119.0,97.6,37.1,0
65.7,130.5,90.1,17.5,0
26.0,162.6,213.6,26.8,1
64.9,122.2,86.8,26.9,1
46.3,133.3,60.0,20.8,0
57.7,163.9,60.0,26.5,1
35.1,118.1,136.6,29.8,0
71.9,160.7,156.8,26.5,1
70.7,128.1,86.1,32.9,1
66.4,160.1,154.8,15.1,1
29.3,141.5,136.0,21.8,0
64.4,133.5,103.4,33.4,1
58.1,126.8,100.9,30.6,1
27.9,116.8,116.3,28.7,0
51.6,129.4,140.7,32.2,1
57.5,144.2,123.9,16.4,0
60.3,127.8,86.3,30.0,1
54.7,122.3,103.9,31.3,1
56.4,123.5,179.3,22.7,1
74.1,145.9,118.8,39.1,1
70.4,150.1,140.4,27.0,1
18.0,116.0,128.9,15.0,0
47.2,116.0,119.6,27.9,1
49.5,134.8,113.8,22.4,0
25.7,155.5,141.4,31.8,1
53.4,148.6,135.2,28.7,1
70.7,105.5,119.2,23.0,0
35.7,123.2,85.7,33.5,0
57.0,111.2,123.5,30.7,0
38.3,123.2,107.7,21.9,0
41.9,156.9,99.2,25.2,0
74.2,102.4,203.8,28.6,1
43.9,98.9,60.0,24.2,0
58.9,113.1,143.5,24.3,1
23.9,133.2,79.8,26.2,0
79.9,139.2,114.6,20.7,1
61.0,135.9,199.9,15.0,1
49.3,149.2,76.3,27.2,0
60.6,96.3,84.7,16.1,0
30.9,149.4,109.4,21.0,0
69.7,122.4,80.3,17.1,0
47.1,141.2,140.9,17.8,1
48.9,104.2,91.3,28.1,0
44.6,128.1,132.9,24.9,0
43.3,132.3,63.5,24.7,0
62.4,148.8,60.0,19.4,0
55.8,99.5,102.0,22.7,0
61.8,128.6,60.0,27.9,0
51.9,108.5,163.1,25.7,1
59.7,137.1,60.0,30.1,0
45.7,142.0,73.7,30.8,0
85.4,151.2,124.5,24.7,1
28.5,118.4,89.5,16.7,0
70.9,144.7,60.0,22.2,0
72.5,152.5,181.4,25.5,1
39.2,98.4,74.9,22.1,0
85.4,139.0,103.1,20.7,1
66.9,145.3,102.7,26.3,1
66.6,123.3,134.9,38.2,1
52.4,106.2,126.2,23.6,0
48.7,145.0,81.1,26.0,0
48.9,106.4,98.6,19.4,0
57.9,124.8,102.1,32.2,1
73.0,127.3,136.2,30.4,1
54.7,140.9,69.1,30.0,1
38.3,116.7,180.6,32.8,1
64.4,115.7,83.4,23.9,0
65.8,129.8,109.7,24.5,1
61.8,146.1,69.4,34.5,1
63.2,169.2,64.6,29.2,1
47.9,100.9,79.4,15.0,0
38.1,133.7,76.0,28.3,0
39.0,108.4,95.5,23.1,0
27.5,146.3,75.7,30.5,0
55.6,111.1,134.3,28.0,0
50.7,115.9,82.6,17.3,0
45.4,117.4,78.7,27.3,0
18.0,126.6,96.2,27.1,0
33.3,133.8,144.7,27.8,1
68.8,136.7,117.5,28.9,1
42.0,127.9,106.5,33.5,0
57.4,104.1,60.0,28.1,0
31.1,141.1,70.0,26.1,0
73.6,127.0,65.3,31.7,1
49.8,148.9,155.7,37.2,1
56.4,115.3,128.6,30.6,1
86.9,99.2,79.8,27.0,0
74.7,127.4,90.2,28.2,1
47.4,151.3,81.1,27.3,0
43.1,130.9,79.0,26.1,0
47.1,124.4,126.1,36.8,1
59.6,112.3,99.9,22.3,0
50.4,159.6,182.8,31.8,1
46.1,109.5,153.8,25.4,0
74.0,114.9,155.8,18.6,1
50.3,138.3,133.5,25.1,1
86.5,94.6,95.2,23.3,0
53.4,150.9,130.9,28.9,1
78.8,139.2,97.8,26.5,1
57.4,144.2,167.1,20.9,1
66.4,138.0,124.1,33.4,1
41.1,125.1,119.2,31.5,1
39.2,108.9,114.4,33.9,0
58.9,125.5,170.9,27.2,1
66.8,110.4,60.0,25.8,0
52.6,136.8,174.3,29.5,1
32.7,142.5,103.5,23.1,0
31.6,154.6,60.8,26.7,0
30.6,134.7,83.7,25.1,0
25.5,144.6,60.0,18.7,0
53.6,122.7,132.9,26.6,0
68.9,119.4,73.7,23.8,0
51.8,136.5,115.9,24.8,1
18.1,121.0,149.7,27.8,0
49.1,132.8,86.5,32.4,0
49.6,108.9,100.6,21.8,0
83.4,112.1,64.4,24.3,0
30.1,139.4,96.4,22.2,0
46.1,144.0,200.1,21.8,1
77.6,110.3,137.2,23.0,1
58.7,140.1,100.7,25.0,0
60.4,118.4,88.6,28.9,0
53.7,128.3,108.5,27.6,1
56.9,153.5,114.6,20.7,1
63.7,142.5,95.3,32.5,1
39.9,142.3,128.6,30.7,1
65.2,162.4,76.6,21.5,1
31.4,115.3,76.5,32.1,0
56.9,110.3,123.0,27.6,0
54.7,115.0,69.1,25.2,0
42.8,123.4,135.5,27.8,1
51.7,85.6,109.5,25.9,0
42.7,124.3,60.0,28.7,0
35.9,118.2,113.8,26.9,0
46.7,142.1,60.0,24.3,0
35.4,134.3,134.3,15.9,0
56.8,117.2,101.3,28.6,0
34.7,138.6,174.8,24.1,1
62.7,141.0,147.5,29.9,1
34.3,114.2,72.9,28.4,0
43.5,119.1,60.0,24.3,0
42.6,87.9,83.6,31.1,0
71.9,108.4,67.3,27.0,0
57.0,114.6,173.9,26.8,1
48.8,129.3,109.6,25.3,0
59.5,111.0,142.7,34.4,1
20.4,118.8,100.0,22.4,0
51.4,105.9,103.7,24.4,0
82.0,131.1,108.9,19.8,0
54.0,135.7,148.7,29.6,1
53.0,135.2,120.9,23.1,1
60.2,128.2,73.0,23.6,0
65.4,100.3,166.8,23.4,1
22.0,116.8,99.8,26.3,0
26.8,120.7,94.1,19.7,0
55.2,120.7,60.0,15.0,0
41.3,129.3,132.2,28.3,1
71.7,153.7,113.5,15.4,1
47.3,142.6,113.5,30.3,1
23.0,110.2,95.9,33.8,0
33.0,140.2,89.9,25.2,0
18.0,139.5,97.1,32.5,0
48.5,113.5,126.2,25.9,0
49.2,143.3,132.4,34.0,1
45.6,125.1,101.9,23.7,0
68.2,102.6,143.2,15.0,1
70.0,136.2,107.2,25.6,0
49.4,131.9,92.4,34.5,0
20.0,123.9,116.9,28.7,0
61.3,127.3,62.4,23.4,0
60.3,115.1,118.1,27.6,0
56.6,139.0,60.0,30.9,0
66.7,127.2,74.0,25.6,1
34.5,131.0,60.0,39.1,1
82.1,134.4,103.9,23.4,1
37.6,107.2,166.3,31.0,0
63.2,111.9,105.9,29.8,0
26.7,88.2,132.5,22.5,0
38.0,138.2,192.3,23.9,1
74.7,106.2,124.1,31.1,1
48.1,130.4,83.2,26.7,0
64.6,134.7,88.0,27.7,0
55.6,138.8,110.0,17.8,0
50.4,106.3,87.8,29.3,0
72.5,126.8,90.5,27.4,1
48.5,158.1,144.5,25.7,1
25.3,158.9,145.9,27.8,1
40.0,145.8,60.0,24.0,0
60.3,134.1,81.4,23.0,0
57.9,109.9,93.8,24.8,0
28.5,140.9,131.0,23.7,1
41.1,125.2,150.0,36.9,1
43.3,138.1,204.6,30.6,1
46.5,116.6,93.7,21.2,0
31.4,124.9,95.4,36.2,1
42.6,131.0,130.6,23.8,0
41.1,132.4,86.1,26.1,0
63.6,136.9,105.1,30.5,1
64.1,117.6,95.5,16.2,0
49.8,103.8,60.0,24.8,0
46.1,157.2,114.3,23.1,1
54.1,172.8,103.6,27.0,1
39.8,136.1,154.5,27.9,1
34.8,104.2,110.2,25.6,0
37.9,114.1,66.1,25.4,0
42.5,137.2,101.0,31.3,1
34.5,152.1,60.0,27.5,0
54.4,106.2,67.6,26.2,0
62.9,125.8,132.2,26.7,1
28.2,131.5,101.3,35.2,0
52.4,143.6,142.3,26.9,1
48.7,121.8,60.0,23.4,0
57.1,99.9,101.5,16.5,0
51.8,139.2,93.4,18.8,0
30.2,148.2,143.5,23.7,1
33.1,126.5,133.5,25.5,0
52.4,135.3,132.5,23.2,0
67.4,119.5,163.9,27.8,1
18.8,112.8,97.1,23.2,0
57.2,146.5,156.7,21.4,1
69.8,135.0,73.5,29.1,1
49.7,136.8,72.2,32.8,1
60.3,155.0,136.3,20.5,1
41.5,109.0,60.0,27.2,0
50.2,118.1,130.0,16.5,0
27.7,130.8,113.5,18.6,0
18.0,117.8,147.5,23.1,0
66.1,142.1,107.9,31.7,1
37.2,124.6,112.0,22.1,0
45.2,110.1,127.8,21.9,0
31.2,129.2,86.8,26.2,0
30.9,131.1,85.3,26.2,0
49.4,144.8,126.6,22.1,1
41.1,135.1,109.0,35.9,0
57.7,136.3,95.7,24.7,0
58.8,133.8,107.1,26.6,1
56.8,124.6,165.8,24.0,1
55.6,115.1,94.5,28.2,0
75.7,133.2,93.5,32.2,1
36.0,122.0,60.0,34.3,0
51.2,158.4,108.5,22.2,1
69.0,152.2,133.0,31.5,1
71.0,139.4,139.3,28.7,1
30.7,134.8,113.8,30.9,1
47.3,126.4,143.5,25.5,1
72.4,105.3,135.6,25.1,0
59.6,124.1,149.0,30.7,1
54.9,129.8,144.5,30.8,1
48.7,132.1,164.9,33.8,1
46.2,136.5,104.1,27.0,1
56.3,144.6,63.6,25.5,1
48.2,115.5,133.2,15.0,0
51.4,115.7,137.3,17.9,1
53.2,154.1,164.9,24.0,1
41.8,141.9,154.8,20.5,1
60.0,121.0,178.1,30.1,1
90.0,126.1,131.7,19.4,1
25.3,126.2,118.0,23.5,0
56.9,128.6,61.5,23.7,0
40.6,136.5,120.8,32.0,1
60.7,173.6,90.7,23.0,1
52.7,131.4,117.4,28.3,0
63.4,139.9,111.9,27.0,1
69.6,97.6,126.5,30.5,1
54.9,119.3,106.6,30.3,1
69.0,150.1,142.7,25.8,1
18.0,135.2,60.0,17.5,0
75.9,85.0,116.6,24.8,0
57.6,140.1,152.1,25.9,1
68.2,162.5,175.5,27.4,1
33.7,92.1,135.6,22.3,0
39.5,155.3,169.0,31.7,1
54.2,85.0,115.9,26.1,0
51.7,144.9,110.1,21.4,1
56.2,127.8,128.5,23.7,1
68.3,85.7,109.9,35.6,1
25.5,136.0,82.6,29.3,0
66.6,148.7,92.0,31.2,1
52.1,134.5,71.1,20.8,0
48.9,138.5,128.5,22.6,1
29.9,120.6,110.4,22.6,0
59.5,94.5,97.4,26.9,0
18.0,140.5,90.2,25.1,0
61.7,159.5,127.7,23.6,1
29.6,148.3,137.3,24.2,1
52.8,92.2,70.4,22.0,0
50.2,100.7,64.9,25.1,0
69.5,112.8,143.4,31.6,1
49.3,99.3,61.9,18.4,0
41.6,128.8,129.2,27.7,0
44.4,135.1,166.6,32.9,1
71.1,102.3,166.7,25.1,1
60.0,142.0,135.8,23.4,1
46.2,138.8,134.8,30.6,1
48.5,118.1,188.8,21.1,1
28.5,124.9,60.0,25.9,0
57.8,92.9,93.7,20.8,0
25.6,122.0,139.7,16.6,0
63.3,128.1,98.2,25.2,1
53.9,131.0,153.4,19.7,1
87.8,134.8,108.6,25.9,1
35.5,132.4,114.6,31.6,1
50.5,123.2,100.4,35.3,1
79.0,133.2,91.7,26.5,1
69.9,146.0,90.9,31.1,1
41.6,126.3,119.5,28.0,1
55.4,133.7,82.9,24.1,1
52.0,124.6,143.4,16.4,1
56.2,116.4,132.9,34.1,1
41.5,137.4,148.5,20.8,1
50.7,118.0,70.5,32.9,0
28.0,135.0,60.0,28.7,0
54.0,128.5,109.9,21.1,0
58.8,122.5,211.5,27.6,1
48.6,122.1,154.3,36.7,1
27.8,118.9,90.6,33.7,0
66.8,98.4,124.9,23.4,1
57.5,134.9,135.5,22.4,1
41.1,132.2,62.1,26.5,0
47.8,143.3,157.9,25.2,1
29.5,118.4,104.1,32.0,0
36.6,162.1,106.8,29.7,1
43.9,121.2,110.8,17.5,0
70.4,112.2,150.1,28.3,1
42.4,110.1,83.6,25.1,0
61.6,96.8,60.0,26.2,0
43.9,155.6,121.3,27.2,1
55.7,152.7,60.0,32.0,1
49.9,138.8,99.5,30.9,1
65.1,111.9,151.5,22.3,1
44.0,160.6,130.3,25.7,1
28.4,121.7,146.5,23.8,0
31.3,123.2,131.7,17.6,0
44.0,153.9,194.4,25.5,1
33.3,139.9,89.4,35.2,0
58.2,167.6,123.9,17.4,1
45.0,132.5,94.7,25.9,1
87.6,120.9,143.5,25.7,1
25.9,117.0,107.8,27.4,0
55.1,94.8,170.2,21.2,0
35.1,123.0,91.4,18.9,0
44.6,148.6,159.2,19.1,1
54.1,138.8,130.8,32.7,1
18.0,128.4,108.9,21.1,0
55.6,110.1,129.0,23.5,0
80.5,132.1,119.1,36.5,1
45.2,146.2,122.5,22.3,1
55.9,135.8,102.8,27.7,1
67.4,131.0,85.4,31.3,0
49.5,113.7,98.3,31.1,0
43.3,143.6,60.0,19.3,0
18.0,85.0,139.5,22.4,0
61.6,134.9,66.8,27.5,1
50.3,174.3,102.4,35.6,1
36.8,100.8,132.7,22.2,0
53.9,123.7,139.4,23.5,1
43.2,127.9,60.0,28.1,0
44.1,119.7,106.8,29.1,0
61.1,146.7,126.1,29.4,1
31.9,136.5,111.8,21.8,0
67.7,130.7,157.0,23.3,1
31.0,142.4,81.2,27.1,0
42.1,128.3,60.0,32.3,0
80.8,185.2,138.4,24.8,1
68.9,130.7,91.2,25.9,1
53.5,131.5,60.0,20.9,0
37.9,97.2,104.5,35.3,0
44.1,118.2,153.1,26.8,1
53.1,148.7,65.8,31.4,1
52.6,104.0,191.8,26.1,1
50.6,89.2,80.7,26.4,0
51.5,128.6,113.0,18.5,0
48.8,152.7,67.3,15.2,0
30.4,128.8,111.5,32.3,0
44.3,121.9,105.3,26.4,0
65.7,94.5,60.0,27.0,0
31.5,136.1,208.9,19.8,1
49.2,139.9,92.7,21.5,0
39.7,95.9,92.7,31.3,0
53.7,148.4,143.9,34.7,1
46.2,141.8,173.5,22.9,1
74.2,148.4,149.4,29.4,1
59.6,138.5,68.0,27.0,1
32.3,139.8,117.5,25.4,0
62.1,137.4,60.0,35.3,1
40.4,143.6,141.6,23.7,0
43.3,95.3,60.0,32.2,0
56.7,101.0,81.9,27.9,0
44.6,114.8,109.9,25.9,0
65.4,125.7,125.6,32.9,1
40.4,135.0,100.9,27.5,0
42.7,133.8,163.2,25.5,1
42.2,148.1,135.3,32.9,1
43.5,148.7,132.6,32.2,1
68.5,112.3,67.0,32.0,0
61.4,132.3,169.5,15.0,1
77.6,112.7,81.9,28.2,1
86.0,124.6,170.8,27.1,1
36.5,133.8,180.8,25.8,1
53.1,85.0,127.9,29.0,0
34.4,171.4,146.1,27.3,1
40.3,138.2,60.0,29.4,0
42.5,117.3,103.2,24.7,0
36.1,162.7,148.6,33.5,1
36.2,121.7,142.4,29.9,0
49.8,130.4,67.3,28.7,0
33.7,119.2,99.7,28.5,0
64.6,157.7,60.0,31.8,1
38.2,126.1,124.5,31.1,1
90.0,130.7,60.0,25.4,1
45.2,149.7,149.6,31.0,1
53.1,138.5,151.4,26.9,1
32.6,127.0,93.4,35.6,0
77.6,148.0,128.2,31.5,1
68.8,173.7,102.4,22.9,1
56.5,133.7,118.5,37.7,1
31.8,130.1,69.8,15.5,0
55.2,131.1,131.8,29.2,1
35.2,151.6,60.0,22.5,0
73.9,117.2,60.0,35.4,1
64.1,123.0,105.7,27.3,0
53.4,100.3,102.6,22.0,0
18.0,106.7,119.5,24.7,0
37.2,118.7,87.3,22.4,0
62.3,127.0,176.0,24.5,1
70.2,159.8,115.6,24.4,1
68.6,137.6,118.2,22.2,0
28.1,111.6,116.9,27.4,0
56.5,114.9,145.1,28.0,1
67.2,152.7,130.2,21.0,1
27.1,148.3,125.5,17.7,0
51.9,128.5,135.8,27.6,1
56.1,120.0,60.0,28.7,0
47.5,148.2,60.0,29.7,0
24.2,110.1,107.3,28.8,0
47.1,135.1,103.1,33.9,0
47.1,168.9,130.3,31.0,1
49.8,131.7,110.7,39.4,1
43.5,114.0,130.4,41.5,1
45.4,135.4,66.4,17.2,0
51.4,119.5,109.6,15.0,0
58.6,102.9,63.1,26.0,0
47.4,140.6,123.5,28.5,1
45.9,148.1,60.0,25.6,0
53.4,122.4,122.2,29.5,0
23.2,121.2,60.0,24.6,0
59.2,110.7,96.6,22.5,0
52.0,125.3,141.3,23.3,0
52.6,117.9,118.0,25.0,0
66.4,109.8,60.0,30.2,0
22.7,162.1,86.5,23.6,0
22.4,136.4,60.0,24.6,0
56.1,138.3,60.0,28.9,0
51.9,143.9,114.1,25.0,1
54.6,141.9,129.6,31.6,1
45.1,120.6,125.4,21.4,0
62.0,132.9,131.1,20.3,1
66.0,123.2,109.6,27.5,1
59.3,135.9,100.4,28.0,0
48.1,134.2,72.4,21.7,0
20.4,121.1,94.6,32.7,0
63.5,104.1,63.8,35.6,0
70.3,130.6,80.4,22.9,0
61.7,124.3,113.1,33.4,1
38.8,94.0,105.9,15.0,0
62.1,137.1,217.3,31.4,1
64.9,145.4,62.9,21.7,0
75.4,173.5,105.6,30.9,1
38.9,121.0,60.2,21.2,0
48.6,118.3,96.4,25.7,0
63.2,108.0,97.9,21.9,0
52.9,131.8,139.6,24.9,0
35.2,131.6,94.3,35.1,0
58.2,113.4,103.3,25.5,0
60.7,124.9,94.9,36.6,1
53.3,92.4,61.0,24.1,0
55.3,144.7,87.2,33.5,1
48.1,114.1,96.6,17.9,0
74.2,127.4,112.6,24.6,0
38.5,102.3,129.6,23.3,0
43.2,117.5,101.8,33.7,0
52.2,123.0,101.2,26.9,0
65.2,127.8,60.0,15.6,0
29.5,136.6,128.9,19.4,0
32.3,153.9,85.6,20.9,0
21.4,141.2,136.1,30.7,1
52.5,145.3,156.1,30.0,1
35.2,154.0,103.4,24.5,0
46.2,138.3,74.2,23.3,0
61.9,127.3,109.4,29.6,1
42.4,146.2,122.2,20.4,1
55.5,147.3,99.0,28.3,1
47.5,139.7,90.3,27.9,0
62.1,101.8,129.7,24.6,0
59.1,112.9,127.4,28.0,1
41.6,123.1,97.9,26.5,0
49.5,142.0,60.0,28.5,0
67.7,127.6,126.0,19.3,0
57.9,148.5,83.1,29.1,1
31.0,151.7,117.5,31.1,1
61.8,149.6,115.3,27.6,1
35.7,149.7,60.0,29.0,0
73.2,109.3,112.8,25.5,1
67.4,136.7,128.0,30.5,1
56.3,117.1,132.3,26.3,0
54.4,98.3,114.1,20.3,0
48.9,122.8,60.0,30.1,0
62.2,151.8,154.7,17.8,1
46.4,136.3,124.4,27.4,0
55.5,164.3,67.9,24.1,0
65.1,131.2,82.4,23.8,0
43.6,172.1,118.1,26.9,1
42.8,131.2,133.8,22.5,0
34.1,128.4,92.9,28.6,0
36.0,105.0,138.9,26.3,0
24.6,148.0,60.0,22.9,0
62.9,119.0,73.5,32.7,0
79.1,116.4,60.0,27.0,0
73.4,151.1,78.6,29.2,1
27.6,148.8,162.8,33.1,1
62.9,148.4,182.0,33.0,1
73.3,121.5,118.2,28.9,1
45.1,127.1,87.7,24.5,0
53.5,126.9,102.2,18.9,0
21.9,142.1,126.6,27.0,0
56.0,156.0,60.0,31.5,1
36.0,134.6,90.0,27.8,0
55.0,163.5,160.2,15.0,1
28.6,144.1,73.4,30.4,0
60.1,123.8,83.8,30.7,1
67.4,142.9,110.5,24.5,0
40.3,158.7,119.9,30.9,1
34.9,164.0,88.1,29.1,0
19.7,149.4,112.7,22.6,0
48.0,128.5,131.3,32.4,1
43.3,124.1,178.7,19.7,1
28.7,138.4,105.6,25.7,0
58.8,158.1,108.6,25.2,1
45.3,135.8,163.5,21.9,1
35.9,136.2,90.8,27.5,0
43.7,128.9,63.6,32.6,0
68.1,122.1,118.8,32.2,1
61.0,125.1,147.7,29.6,1
50.0,130.4,122.6,17.5,1
61.3,158.9,106.6,19.3,1
34.6,123.7,60.0,26.8,0
52.5,128.9,108.0,25.8,0
54.2,112.4,153.2,23.5,0
45.0,140.9,66.8,35.5,0
58.5,152.6,101.4,26.5,1
40.3,157.2,96.4,28.7,0
59.6,131.7,85.6,30.9,1
60.3,138.3,118.7,26.3,1
18.0,125.2,125.5,39.0,0
69.9,137.5,125.1,21.3,1
18.0,133.7,75.8,23.0,0
42.8,129.0,60.0,21.3,0
67.4,130.5,119.2,33.8,1
47.2,136.1,92.3,30.0,1
30.0,122.7,174.3,23.3,0
35.6,123.6,176.0,21.7,1
67.4,158.7,179.7,32.9,1
23.2,176.8,77.1,27.8,1
68.9,106.3,129.9,33.1,1
51.2,105.3,140.5,25.7,0
34.1,110.8,136.5,28.6,0
43.3,126.1,97.6,27.5,0
36.7,144.1,154.8,22.9,0
65.0,138.6,110.0,25.3,1
63.0,131.1,114.5,20.1,0
26.2,137.5,60.0,28.5,0
45.9,115.5,132.6,29.8,1
39.1,123.6,100.9,31.0,0
71.4,127.6,126.3,29.3,1
31.7,99.5,118.2,25.4,0
76.1,107.1,116.3,33.8,1
51.5,107.8,108.4,30.5,0
34.6,141.8,137.5,32.9,1
41.8,132.4,103.0,33.3,0
40.0,139.0,60.0,25.4,0
32.9,94.9,129.9,27.9,0
53.4,101.3,81.7,29.9,0
33.6,139.9,63.7,20.3,0
19.3,85.0,74.2,20.4,0
46.3,150.0,119.9,19.5,1
25.0,95.2,106.6,25.5,0
40.7,143.2,60.0,24.3,0
38.4,112.0,96.6,18.8,0
38.9,146.9,150.9,26.7,1
82.0,185.7,94.2,25.5,1
52.8,87.1,104.2,31.9,0
55.7,140.5,146.5,36.1,1
25.4,95.5,137.8,28.3,0
42.2,135.7,145.8,22.5,1
55.2,124.3,60.0,29.2,0
36.6,130.3,170.7,26.0,1
65.6,111.6,132.3,24.8,1
34.0,142.0,196.2,21.7,1
47.7,101.9,82.6,23.7,0
43.2,150.3,60.0,25.1,0
54.5,120.6,110.3,30.0,0
42.4,102.8,100.4,28.6,0
47.9,156.7,132.9,35.1,1
48.5,126.8,147.6,29.4,1
41.0,162.3,106.9,28.1,0
59.3,150.0,101.6,24.5,1
55.6,113.6,128.3,20.8,0
50.7,126.5,101.0,23.2,0
45.5,130.2,98.1,22.5,0
63.9,155.5,146.3,15.0,1
48.5,135.9,154.1,21.0,1
47.4,131.2,147.9,34.0,1
53.6,124.4,104.1,27.8,1
77.4,127.1,60.0,24.1,0
31.9,151.5,104.8,28.0,0
63.5,128.1,83.5,16.2,0
23.6,120.9,105.5,27.4,0
55.3,117.8,86.5,32.4,0
75.6,118.0,109.3,25.4,1
59.3,102.8,73.6,17.1,0
54.6,114.5,65.2,23.9,0
43.6,155.0,152.8,32.4,1
52.5,124.3,76.1,27.3,0
48.2,140.7,110.0,18.9,1
40.2,85.0,143.4,37.8,1
47.7,138.2,142.0,19.7,0
55.0,125.1,137.8,24.8,0
40.5,119.3,120.6,20.8,0
39.9,131.3,135.3,20.8,0
31.6,119.1,158.1,23.7,1
57.9,89.8,124.9,29.2,1
60.2,144.6,60.0,32.5,0
55.5,132.4,91.5,24.1,1
66.5,122.3,134.4,20.9,1
53.3,110.6,88.1,28.4,0
57.9,101.5,166.7,28.5,1
56.6,132.0,107.8,27.2,1
50.6,157.0,113.0,27.4,1
44.0,131.7,149.4,25.4,0
85.2,103.1,103.6,26.5,1
45.2,132.1,116.2,25.1,1
42.0,127.0,141.5,31.4,1
58.5,143.6,60.0,37.1,1
55.8,138.9,100.0,26.9,0
30.9,85.0,139.0,26.0,0
68.8,137.8,112.3,27.3,1
50.6,109.9,161.4,22.7,1
35.3,102.4,60.0,29.8,0
69.8,124.6,60.0,28.2,0
61.4,135.4,136.9,23.9,1
33.0,98.5,140.3,30.5,0
78.7,140.7,103.2,26.1,1
61.9,141.7,124.0,21.1,1
51.8,128.8,136.1,27.8,0
75.9,112.4,81.5,27.2,0
54.4,110.4,85.3,30.8,0
51.6,146.5,116.6,30.2,1
42.1,100.8,141.6,25.5,0
60.7,147.2,69.2,23.6,0
59.1,125.0,103.1,26.0,0
52.2,126.3,101.5,27.8,1
40.2,97.3,124.6,28.4,0
53.9,125.4,109.7,27.5,1
51.0,139.0,90.9,25.5,1
32.0,103.9,153.7,31.0,0
29.9,137.0,91.1,22.6,0
60.5,129.6,99.8,38.4,1
18.0,116.4,60.0,29.8,0
55.1,143.4,85.0,20.4,1
44.8,88.4,128.1,26.9,0
71.6,134.2,121.2,29.9,1
44.6,157.1,131.0,24.3,1
61.9,153.9,129.3,18.5,1
46.0,135.0,183.1,20.8,1
53.7,122.6,83.8,28.7,0
63.1,116.6,60.0,17.2,0
45.1,122.5,73.2,18.8,0
66.9,137.8,85.4,28.7,1
37.1,113.5,75.9,24.9,0
56.4,141.6,113.3,22.5,1
65.8,166.4,153.8,23.5,1
61.9,126.9,163.9,18.6,1
80.7,103.8,127.7,28.4,1
40.5,103.8,184.9,22.0,0
31.3,142.0,97.5,23.3,0
37.1,126.9,60.0,27.7,0
61.9,143.8,146.9,24.7,1
59.5,118.4,60.0,22.5,0
53.5,143.0,83.6,16.1,0
35.2,125.2,128.2,27.8,0
63.5,114.8,106.4,26.4,0
33.6,120.8,103.3,23.4,0
69.4,106.5,68.7,20.8,0
90.0,163.8,109.6,26.1,1
57.5,126.3,145.1,28.4,1
60.7,139.6,110.7,26.5,1
44.6,118.3,80.9,34.2,0
24.8,109.1,66.3,29.5,0
43.0,123.8,81.7,25.5,0
35.6,147.8,123.7,29.7,1
30.3,118.6,122.0,26.2,0
77.8,112.3,82.0,26.2,1
56.1,130.8,60.0,32.5,0
57.7,137.0,124.7,21.5,1
47.4,157.6,78.6,26.1,1
49.4,134.4,134.1,31.9,1
66.5,139.6,83.5,27.5,1
51.5,140.9,75.4,24.2,0
60.0,107.2,115.4,17.5,0
49.1,110.7,192.5,15.0,1
46.9,108.5,136.2,36.4,1
30.9,104.0,114.8,27.5,0
22.3,142.3,122.6,23.1,0
48.1,133.2,60.0,27.7,0
52.8,129.4,70.7,21.3,0
32.7,85.0,60.0,24.3,0
51.5,165.0,170.5,21.3,1
52.8,111.9,163.5,18.9,1
19.7,164.9,123.7,15.5,1
38.3,101.9,114.7,18.0,0
58.1,113.4,60.0,31.1,0
57.8,88.3,102.3,21.1,0
34.7,134.5,172.7,28.7,1
54.4,108.2,114.6,30.8,1
67.3,108.7,90.2,26.1,1
63.7,103.3,60.0,24.5,0
50.6,142.0,158.3,26.7,1
45.0,140.8,107.5,23.9,1
42.6,160.6,60.0,32.0,1
59.0,115.7,77.7,35.4,1
54.9,131.9,65.3,33.2,0
61.4,104.8,105.4,15.2,0
54.0,122.0,117.3,23.8,1
64.3,118.7,92.4,26.0,0
53.4,136.4,137.2,28.3,1
63.8,146.3,112.8,17.4,1
65.1,145.8,147.2,17.3,1
39.9,112.8,97.5,32.5,0
24.9,146.0,216.6,23.2,1
75.2,127.2,90.2,18.6,1
55.8,122.2,78.4,20.5,0
26.3,115.2,74.1,28.0,0
41.3,117.9,102.6,21.9,0
63.6,159.4,60.0,27.2,0
47.8,133.5,120.3,21.1,0
44.3,131.1,60.0,17.3,0
73.0,123.3,115.7,33.1,1
36.3,172.0,62.7,28.0,1
40.0,151.5,96.7,24.3,0
55.2,115.0,131.2,23.4,1
57.9,123.1,190.6,33.3,1
59.4,124.1,72.3,29.0,0
65.7,130.6,104.7,31.7,1
55.0,115.4,84.7,23.1,0
59.3,135.9,79.6,26.3,0
48.1,154.1,85.0,28.0,1
52.9,104.4,138.8,23.2,1
53.6,107.7,92.9,25.5,0
55.2,119.3,188.7,23.1,1
63.6,120.1,124.6,28.0,1
60.3,164.0,74.6,19.4,0
52.7,146.0,97.2,28.9,1
39.9,145.0,81.9,27.6,1
53.0,123.2,138.0,25.0,1
51.6,122.8,60.0,28.2,0
54.9,101.9,63.1,24.2,0
85.1,142.1,89.3,22.6,1
44.1,136.8,133.9,28.7,0
58.3,151.1,153.2,28.9,1
68.0,124.2,158.3,23.5,1
53.5,125.4,128.5,23.0,1
87.1,131.1,107.1,25.1,1
46.3,144.1,137.8,23.2,1
56.9,101.5,69.9,33.6,0
40.0,141.2,60.0,27.6,0
46.7,127.6,125.3,26.1,0
55.7,108.9,74.8,21.3,0
64.7,90.5,107.7,29.7,0
56.8,125.5,114.2,22.9,0
70.9,154.1,118.7,22.7,1
50.6,158.1,142.8,29.9,1
47.0,134.4,139.1,27.9,1
90.0,163.3,116.8,15.0,1
57.9,127.2,94.5,25.2,0
41.2,145.2,113.8,26.6,0
41.6,119.9,89.1,24.3,0
37.9,118.7,103.1,26.8,0
66.0,115.8,201.6,17.0,1
46.5,90.9,116.4,15.0,0
53.9,151.2,125.8,21.1,1
51.0,116.5,85.3,27.4,0
63.0,113.6,145.7,15.0,1
39.3,106.8,136.6,21.8,0
35.9,124.3,136.9,16.4,0
55.4,159.7,117.5,24.8,1
61.0,165.7,146.2,35.8,1
57.0,98.1,154.5,24.9,1
39.9,121.6,119.9,25.5,0
62.2,109.4,106.0,30.2,0
40.8,145.8,141.3,26.1,1
44.2,133.2,78.4,24.9,0
37.8,116.5,84.9,30.6,0
71.5,129.3,108.1,28.4,0
61.5,119.4,60.0,27.4,0
61.1,157.1,139.0,25.3,1
70.7,137.8,76.3,24.3,1
90.0,140.1,93.5,30.6,1
26.4,85.0,102.5,24.3,0
40.9,126.8,111.4,32.2,0
42.8,165.5,98.0,20.8,0
39.2,151.9,107.6,33.2,1
35.8,94.8,107.9,28.4,0
47.5,122.4,94.4,21.2,0
33.8,106.4,82.9,28.5,0
57.0,158.8,147.9,22.7,1
52.8,132.4,60.0,26.2,0
59.2,114.2,102.8,23.6,0
59.6,128.6,93.6,25.3,0
61.0,85.0,124.7,30.7,1
46.4,108.5,60.0,28.6,0
83.8,128.7,92.5,20.4,0
55.5,143.2,106.4,20.7,1
24.1,93.1,147.5,27.4,0
37.0,121.1,121.6,27.7,1
25.9,146.2,68.6,22.6,0
52.3,101.9,92.9,34.0,0
50.2,132.1,141.0,30.1,1
45.0,129.2,68.0,22.9,0
82.2,158.9,107.2,22.4,1
60.2,123.9,109.7,24.9,0
62.9,124.9,96.5,24.3,0
38.0,143.4,204.4,32.3,1
37.0,104.1,95.6,30.9,0
52.6,124.0,125.7,26.2,0
54.6,119.8,83.2,29.4,0
24.2,125.5,128.5,30.1,0
49.3,143.3,140.5,26.3,1
52.2,138.0,89.4,28.0,0
48.8,114.5,108.1,29.0,0
39.8,130.5,78.7,28.4,0
43.9,154.8,69.9,22.1,0
49.3,113.0,146.3,22.6,0
53.4,130.6,90.6,24.6,1
61.1,124.5,60.0,22.5,0
68.2,126.9,171.8,18.6,1
47.6,98.6,81.9,29.4,0
45.2,153.4,101.4,27.7,1
58.6,114.1,167.4,19.3,0
61.2,146.5,105.0,24.8,1
45.5,116.8,104.3,25.1,0
63.9,116.7,67.0,26.9,0
66.7,149.8,60.0,20.6,0
71.4,145.9,104.2,19.2,0
78.7,131.8,122.7,28.6,1
39.0,141.7,120.7,18.3,0
52.2,122.8,93.2,24.8,0
52.2,127.8,110.7,24.4,0
50.5,116.1,60.0,25.4,0
42.3,144.3,126.1,27.3,1
29.7,115.5,115.6,34.0,1
53.4,154.7,179.1,18.0,1
40.5,122.3,110.3,30.4,0
53.3,128.4,77.0,15.0,0
40.1,141.7,108.2,33.0,0
35.5,128.4,98.5,15.8,0
55.5,122.6,125.2,38.2,1
54.3,127.5,110.9,24.1,0
60.7,144.1,65.9,32.5,1
84.8,116.1,60.0,31.4,1
56.2,125.7,119.2,23.8,1
59.3,128.2,158.4,24.2,1
35.8,143.6,112.8,21.8,0
32.7,126.2,138.5,29.9,0
75.7,160.5,145.4,23.9,1
38.1,125.2,119.3,21.9,0
36.3,123.7,81.5,28.7,0
51.4,124.9,116.8,21.5,0
50.6,104.3,152.2,24.4,0
38.5,109.3,128.5,26.5,0
47.4,118.4,136.2,22.8,1
70.4,148.4,93.8,23.5,1
39.9,127.4,102.9,33.7,0
31.1,119.3,105.8,25.0,0
66.1,150.1,108.2,24.2,1
59.4,155.9,150.9,25.1,1
42.7,150.6,60.0,28.3,0
28.3,112.6,111.1,20.8,0
40.8,119.1,107.2,28.1,0
51.2,160.6,62.0,27.3,1
69.5,132.3,133.5,17.1,1
36.5,123.2,84.6,35.0,0
50.7,140.9,97.5,33.3,1
62.1,146.1,174.7,22.0,1
18.0,117.7,145.3,20.4,0
67.5,131.9,130.1,27.1,1
34.3,144.7,123.3,18.9,1
57.0,107.1,104.2,32.8,1
55.7,128.2,180.0,23.7,1
68.3,107.9,138.1,34.1,1
60.3,110.3,83.8,21.9,0
18.0,117.9,61.0,25.4,0
40.2,136.6,129.8,32.3,1
54.1,122.2,108.0,24.4,0
49.1,116.3,60.0,27.4,0
59.2,128.9,125.0,31.5,1
63.8,107.4,100.6,23.2,0
61.1,135.7,128.6,19.7,1
48.8,148.4,125.5,18.7,1
24.3,126.6,88.7,28.9,0
45.2,124.4,132.1,27.9,1
58.2,134.7,92.6,31.3,0
35.6,91.5,94.8,24.6,0
61.5,137.7,91.4,18.8,0
65.6,183.8,149.6,15.0,1
53.9,125.8,100.2,40.3,1
18.0,125.9,158.0,28.6,0
32.8,141.4,172.4,26.7,1
80.3,157.6,84.1,27.4,1
43.8,145.5,60.0,18.8,0
22.2,89.2,146.6,22.0,0
70.5,138.1,98.0,34.7,1
52.2,174.3,79.7,29.3,1
68.6,139.2,89.4,22.2,1
56.2,107.2,95.5,19.9,0
58.9,133.1,155.4,23.4,1
57.4,104.9,115.6,24.4,0
62.5,150.2,154.9,36.2,1
86.2,110.8,127.3,25.1,1
66.6,129.3,99.2,20.1,0
28.3,112.6,96.3,25.7,0
58.7,118.2,129.7,27.3,1
69.1,154.8,138.7,19.6,1
70.0,129.9,144.9,28.0,1
45.6,117.9,100.8,32.0,0
69.5,107.4,116.1,26.7,1
65.9,94.3,130.4,22.0,0
90.0,105.5,96.6,23.4,0
40.7,130.0,70.3,17.7,0
44.4,145.6,81.8,25.3,0
47.4,117.9,101.6,27.6,0
44.6,156.3,133.2,21.5,1
38.6,115.1,154.1,35.7,1
18.0,123.7,62.5,30.0,0
45.5,108.6,89.1,17.0,0
57.5,145.8,97.5,17.1,0
44.6,165.8,137.8,21.1,1
81.0,96.3,91.5,33.9,1
52.2,121.8,95.0,30.5,1
71.4,150.8,60.6,34.1,1
55.9,102.0,126.9,26.1,0
64.4,138.2,104.4,25.0,1
56.2,150.0,87.1,19.8,1
72.5,129.4,100.9,27.7,1
52.8,137.9,149.4,25.0,1
59.4,159.7,74.8,24.8,1
57.5,163.1,80.5,34.1,1
47.7,126.9,153.8,25.4,0
58.1,118.4,112.7,32.7,0
85.5,111.4,133.4,18.1,0
47.9,145.6,124.1,39.4,1
58.3,103.3,108.8,24.1,0
70.9,123.5,97.8,29.5,1
69.1,129.8,139.1,30.3,1
52.2,118.9,150.7,23.5,0
18.0,133.0,147.9,30.1,0
59.8,174.2,68.5,30.4,1
18.7,125.8,155.7,22.4,0
74.0,120.2,97.5,22.5,0
54.5,146.3,83.6,26.2,1
67.0,132.3,104.1,25.4,1
38.5,153.9,139.1,33.0,1
28.7,131.0,128.9,29.5,0
55.9,123.5,101.1,25.6,1
51.5,95.9,139.3,29.0,1
44.6,98.8,114.9,15.8,0
53.3,95.0,89.9,22.9,0
90.0,134.8,85.2,27.4,1
64.5,103.5,124.4,31.6,1
67.7,150.6,107.1,27.0,1
64.7,128.5,61.9,33.3,1
74.2,123.6,139.7,30.3,1
49.1,112.8,93.2,23.6,0
21.2,139.2,165.7,25.3,0
49.2,113.5,60.9,28.0,0
64.2,110.3,103.7,23.8,0
37.5,149.4,85.5,33.7,1
49.4,134.4,75.9,20.5,0
41.6,123.8,93.0,27.6,0
74.5,139.5,172.0,29.7,1
63.2,128.2,115.0,24.4,1
61.8,134.9,82.3,23.3,0
61.3,113.3,60.0,25.6,0
51.4,165.3,60.0,30.1,0
55.0,117.6,91.2,23.5,0
34.2,156.0,87.8,20.7,0
19.2,124.6,102.2,31.8,0
54.3,142.5,60.0,28.0,1
56.9,141.2,106.8,31.0,1
70.1,148.6,146.0,29.8,1
75.6,112.9,166.8,36.9,1
75.5,147.4,60.0,31.6,1
37.0,161.2,82.0,22.4,0
46.7,123.3,80.1,28.4,0
59.2,128.6,115.1,23.2,1
90.0,118.6,67.3,23.7,0
74.2,121.8,168.9,18.9,1
68.8,158.8,111.5,24.6,1
46.2,109.9,105.7,28.7,0
38.8,111.0,165.7,25.7,1
63.8,157.0,109.4,20.5,1
35.5,139.2,124.0,18.4,0
48.4,166.2,83.7,36.6,1
50.3,119.9,62.0,27.6,0
75.9,130.3,88.6,21.9,0
46.7,116.1,186.5,28.3,1
18.0,130.6,132.2,36.9,0
59.6,96.1,119.6,29.1,0
41.5,140.3,75.8,15.0,0
52.6,133.8,141.9,39.3,1
50.7,127.0,62.5,16.8,0
47.9,121.0,60.0,25.0,0
63.9,111.9,90.4,20.3,0
29.0,141.1,178.4,22.3,1
44.2,106.9,176.4,27.4,1
62.3,137.2,94.2,15.6,0
42.8,165.3,86.4,25.5,0
27.9,154.7,60.0,31.7,0
62.0,100.9,112.7,21.8,0
68.8,118.3,115.7,19.0,1
51.3,135.6,137.6,25.3,1
22.6,126.7,141.9,24.3,0
62.6,102.8,103.1,23.0,0
27.1,134.9,129.5,20.1,0
56.6,127.8,85.5,28.6,0
38.7,162.5,128.8,29.0,1
34.6,123.4,92.2,20.7,0
45.4,149.0,126.1,21.4,1
49.3,105.2,123.2,26.7,0
42.3,109.5,112.4,21.2,0
60.8,141.0,137.8,26.9,1
45.3,147.5,60.0,33.3,0
66.7,110.8,72.7,25.7,0
56.2,128.4,100.5,19.9,0
41.5,103.1,60.0,28.0,0
39.0,124.7,95.8,25.1,0
27.3,143.1,96.9,25.2,0
56.4,120.2,155.8,28.4,1
46.7,123.5,115.0,29.5,0
18.0,107.7,146.0,26.2,0
44.0,116.3,120.6,25.7,0
38.5,159.6,91.3,36.3,1
75.6,129.3,114.7,32.0,1
26.5,110.0,135.5,30.2,0
30.4,122.3,151.8,26.7,1
68.6,99.2,105.4,21.0,0
72.4,109.7,60.0,31.6,0
40.8,152.5,60.0,26.7,0
42.5,125.4,98.6,23.1,0
61.2,162.0,60.0,24.8,1
18.0,126.3,172.8,21.2,1
24.1,127.4,130.9,31.3,0
47.8,139.5,87.8,29.4,0
75.2,85.0,71.2,26.9,0
45.5,131.7,146.0,25.8,1
53.5,127.1,71.0,22.6,0
69.0,154.7,74.4,15.3,1
83.6,145.4,83.2,18.9,0
43.3,107.6,114.0,22.3,0
51.7,150.4,131.7,21.5,1
79.3,123.3,151.7,27.4,1
29.2,111.7,146.6,30.1,0
67.4,131.5,110.0,25.4,0
36.7,124.4,145.7,33.0,1
53.5,155.7,86.5,22.1,1
48.4,134.1,60.0,25.3,0
37.6,131.7,86.5,25.7,0
37.3,144.2,81.8,31.5,0
56.1,147.7,87.9,26.5,1
66.9,142.1,76.4,26.7,1
50.1,153.6,93.9,17.7,1
53.1,139.0,131.7,21.5,0
60.6,131.0,170.0,31.5,1
37.4,150.3,60.0,15.6,0
63.1,126.4,64.9,32.7,0
64.3,128.6,82.3,28.5,1
90.0,159.0,136.8,22.3,1
46.4,157.2,102.8,21.8,0
45.1,127.9,84.7,35.5,0
63.5,119.8,135.1,33.1,1
64.3,154.3,143.5,25.4,1
44.0,142.4,109.3,26.7,0
46.0,133.7,81.4,22.8,0
60.1,122.2,119.5,26.7,0
39.6,134.0,101.8,22.6,0
45.8,127.6,101.6,25.6,0
53.3,116.0,92.1,35.1,0
66.9,130.3,142.4,25.5,1
42.9,132.8,118.7,20.8,0
24.4,121.2,146.2,19.2,0
23.3,144.3,156.8,26.6,1
33.1,151.2,126.1,22.2,1
32.3,145.5,92.3,27.2,0
49.7,123.0,146.4,17.9,0
34.2,141.6,126.3,29.5,1
41.5,129.4,201.1,20.7,1
40.4,105.8,120.9,26.2,0
45.4,140.1,134.4,24.3,1
71.8,130.6,120.2,34.6,1
61.9,174.7,106.5,26.9,1
52.2,154.2,100.9,35.7,1
45.1,140.8,120.3,28.8,0
45.5,132.5,128.2,33.1,1
56.9,130.9,150.4,25.0,1
60.8,109.9,120.8,27.7,0
38.4,96.7,93.8,32.1,0
52.5,112.3,98.6,30.5,0
21.5,127.1,63.7,28.7,0
55.2,90.1,168.1,24.4,0
63.4,118.2,91.1,25.2,0
47.8,123.5,143.9,31.7,1
79.2,124.1,119.7,32.7,1
38.8,116.1,120.6,23.0,0
55.3,121.9,105.9,22.3,0
51.5,159.0,82.4,21.5,1
50.5,139.9,76.1,30.1,0
50.3,117.9,170.5,21.4,1
53.6,126.8,114.0,30.1,1
64.7,127.5,149.4,28.7,1
72.7,114.2,158.5,23.3,1
52.0,114.2,95.6,33.8,0
64.2,146.2,124.8,18.7,1
41.5,120.4,111.6,34.3,0
63.5,108.3,69.5,27.6,0
40.6,127.2,103.5,15.6,0
68.4,130.1,130.6,34.0,1
85.2,92.5,92.5,30.9,1
50.2,127.3,98.6,23.9,0
19.1,143.6,103.9,21.2,0
43.8,136.1,183.9,18.2,1
70.5,168.1,60.0,38.1,1
60.3,150.5,127.6,21.4,1
55.7,154.1,101.1,19.7,1
67.1,178.4,87.6,27.3,1
59.3,141.6,100.3,17.8,0
70.3,130.9,133.4,21.1,1
65.8,145.5,135.4,31.0,1
74.8,117.9,116.5,28.3,1
57.4,129.9,148.2,24.1,1
65.6,116.3,154.4,26.1,1
47.4,135.2,138.6,23.8,1
43.0,116.3,90.9,25.7,0
77.6,115.6,127.3,22.2,0
55.2,135.4,127.5,23.1,1
64.1,125.5,81.5,22.9,0
53.9,93.3,60.0,22.4,0
43.2,101.8,60.0,31.2,0
52.2,107.3,112.4,29.9,0
73.5,112.1,120.4,21.3,0
60.3,135.5,68.6,20.0,0
26.3,131.9,146.6,25.2,1
48.8,147.2,115.3,36.8,1
78.7,141.6,157.2,20.9,1
48.8,147.3,123.0,25.2,1
25.0,139.0,72.7,26.4,0
80.4,131.8,126.0,25.5,1
62.2,147.8,133.5,23.7,1
50.9,144.5,90.8,31.8,1
46.4,134.8,60.0,28.3,0
68.2,150.9,113.5,30.2,1
43.9,85.8,75.0,28.9,0
69.2,122.8,149.2,30.5,1
60.1,122.5,95.7,33.9,1
55.7,148.7,170.4,32.7,1
54.2,156.3,60.0,37.6,1
49.4,101.9,114.7,32.1,0
67.7,153.4,160.0,22.7,1
39.0,106.9,78.8,30.2,0
27.7,107.5,104.4,29.6,0
61.2,123.8,95.9,35.6,1
61.5,122.3,86.1,21.2,0
59.2,99.9,118.6,28.8,0
58.1,139.7,64.7,22.6,0
47.2,140.2,106.1,28.6,1
63.8,147.0,128.1,24.9,1
51.3,120.2,102.5,28.4,0
44.7,127.3,75.0,18.9,0
47.3,127.5,146.1,30.0,1
82.3,158.4,135.6,27.0,1
26.0,85.0,73.6,26.8,0
59.5,110.8,64.7,35.8,0
26.8,128.1,76.7,24.1,0
50.4,108.5,129.1,27.7,1
45.5,123.4,119.6,26.5,1
20.7,125.7,137.7,27.0,0
57.8,116.2,98.6,37.1,0
46.3,129.2,77.6,26.3,0
20.5,139.3,142.2,23.2,1
64.6,123.7,90.6,35.4,1
73.5,119.8,116.5,24.5,0
74.4,125.0,60.0,18.0,0
57.4,127.9,90.1,22.3,0
52.7,96.7,145.3,19.8,0
71.9,136.3,84.9,17.0,0
77.2,119.9,138.5,24.2,1
69.0,150.7,60.0,25.6,0
37.9,138.6,90.4,31.9,0
55.0,149.1,104.0,29.1,1
58.6,109.8,171.0,28.9,1
24.9,121.3,69.1,21.5,0
59.0,105.6,133.5,30.4,1
86.1,115.3,147.0,33.0,1
61.6,150.5,84.7,28.0,1
74.1,154.8,96.9,28.1,1
54.7,107.3,115.0,19.7,0
50.9,119.8,60.0,31.3,0
57.7,126.6,94.1,34.9,1
39.8,138.5,154.7,27.6,1
37.5,96.3,128.3,23.0,0
71.0,99.1,104.5,25.2,0
72.6,136.8,114.0,23.9,1
37.1,92.9,130.3,24.2,0
66.5,120.0,137.0,29.2,1
50.7,130.9,90.5,27.4,0
57.1,135.5,163.7,31.0,1
58.9,125.4,156.1,27.9,1
66.9,121.4,133.7,21.7,1
53.2,143.2,80.5,23.5,0
73.2,133.1,74.3,23.2,0
56.6,116.4,98.6,25.1,0
61.4,128.7,112.1,35.0,1
39.5,134.9,60.0,35.8,1
84.4,158.9,127.3,30.2,1
59.0,142.2,155.1,26.6,1
62.7,149.9,130.2,19.2,1
27.9,117.0,86.3,27.1,0
39.7,118.6,82.2,22.0,0
70.6,123.8,120.5,34.2,1
56.3,125.4,104.6,18.0,0
23.3,109.9,125.5,27.9,0
67.6,150.8,131.1,21.6,1
43.8,143.9,148.2,26.0,1
73.2,122.5,70.4,29.3,1
50.7,139.6,117.8,31.1,1
55.1,132.0,97.3,25.7,1
69.7,141.0,106.5,29.8,1
38.5,103.8,140.3,22.7,0
37.1,125.4,144.1,27.2,1
49.1,127.0,158.9,31.0,1
64.4,139.2,124.9,27.7,1
32.0,116.7,106.1,23.4,0
27.0,85.0,101.1,24.6,0
64.4,108.5,60.0,31.1,0
43.0,126.9,156.9,20.5,1
46.1,129.1,98.7,21.3,0
24.1,158.3,127.7,29.0,1
41.8,138.5,133.8,23.8,1
51.9,129.5,66.4,18.7,0
66.0,127.4,77.7,32.8,1
40.4,147.9,164.1,20.5,1
76.9,117.4,120.2,25.0,0
41.7,125.5,89.7,22.9,0
41.8,108.4,105.6,24.5,0
75.1,153.5,148.0,21.6,1
55.2,135.1,142.7,29.6,1
43.7,115.3,60.0,26.6,0
49.7,125.9,167.2,30.9,1
72.3,137.2,143.8,23.0,1
74.0,123.5,104.7,36.7,1
39.7,118.4,68.3,16.5,0
51.4,116.2,146.9,18.1,1
53.4,134.1,126.7,34.8,1
37.2,121.6,60.0,28.4,0
51.2,119.8,101.9,27.7,0
52.1,104.0,219.4,28.2,1
69.1,129.4,110.6,28.9,1
70.1,124.7,84.0,27.5,0
47.1,122.2,74.7,21.2,0
48.8,131.6,172.0,30.1,1
62.0,141.5,139.7,29.3,1
43.2,140.6,159.3,33.1,1
60.8,137.9,118.7,34.8,1
50.7,123.7,153.9,27.7,1
37.5,117.8,80.3,19.9,0
37.6,109.2,115.7,34.9,1
73.7,117.3,120.0,20.9,0
49.7,128.4,158.4,27.7,1
76.6,113.8,121.2,24.7,0
44.3,129.7,88.1,23.8,0
56.4,110.6,112.2,29.8,0
87.9,98.1,60.0,27.2,1
36.1,142.7,60.0,28.6,0
23.5,119.5,139.1,21.9,0
71.3,112.9,96.9,25.1,0
39.6,108.3,100.9,22.2,0
51.7,135.6,139.1,25.0,1
43.2,152.7,158.9,25.4,1
56.0,120.7,128.7,35.2,1
37.7,124.1,177.5,24.7,0
49.3,147.3,127.6,15.4,0
58.7,95.4,120.6,33.0,1
36.9,163.4,118.4,28.2,1
41.5,172.0,65.0,25.3,0
46.8,85.0,143.5,23.8,0
30.6,126.2,60.0,21.3,0
45.7,115.1,89.5,35.7,0
53.8,123.2,110.8,26.3,0
46.0,120.5,82.4,17.3,0
47.9,142.6,94.2,27.6,1
51.7,126.0,174.4,32.0,1
42.2,111.6,148.6,26.8,0
62.4,124.9,86.0,21.5,0
73.5,137.3,93.6,21.0,0
45.0,106.7,65.3,21.4,0
59.3,98.4,134.7,33.6,1
48.4,163.9,101.3,25.6,1
57.5,116.4,60.0,17.6,0
75.5,125.5,113.5,27.9,1
59.6,120.8,125.4,26.7,0
25.4,137.9,143.7,23.8,0
58.8,159.9,107.4,20.9,1
70.5,138.4,97.0,20.7,1
48.7,100.7,179.5,31.4,1
66.9,103.1,110.2,27.2,1
41.6,120.8,135.2,28.4,0
29.7,123.2,91.1,27.2,0
54.1,97.0,134.1,27.6,0
25.7,142.7,60.0,23.7,0
48.4,108.4,93.8,25.0,0
71.3,154.9,67.7,31.8,1
23.4,160.8,88.8,33.1,1
32.8,123.5,153.8,19.9,0
36.5,135.9,88.6,25.0,0
51.1,105.8,135.1,30.2,1
46.5,139.2,163.1,35.4,1
73.0,119.0,109.0,34.9,1
66.3,108.4,144.8,22.0,0
59.4,122.8,128.6,32.4,1
54.2,119.6,114.1,26.3,0
57.9,122.1,136.3,31.2,1
39.1,145.1,174.4,29.9,1
64.9,113.9,87.7,19.7,0
35.3,159.2,76.4,28.7,1
64.5,104.1,74.4,31.0,0
69.8,157.1,144.8,25.9,1
55.2,109.7,149.5,24.8,1
49.4,128.0,91.2,18.1,0
58.0,119.2,60.0,29.4,0
18.0,121.8,86.4,27.0,0
56.5,142.4,129.2,21.4,1
50.3,155.0,107.7,24.4,0
51.2,149.4,116.3,26.8,1
62.6,120.7,91.7,23.2,1
50.9,131.3,145.5,26.0,1
34.9,113.9,122.0,17.3,0
49.9,110.2,130.5,32.7,1
53.0,107.4,115.6,26.1,0
53.7,120.1,128.4,20.5,1
54.4,132.5,126.1,15.0,1
67.6,93.6,77.5,31.1,0
35.7,127.2,123.1,28.8,0
54.6,155.3,137.7,27.1,1
71.3,148.2,150.4,30.3,1
26.0,117.5,124.6,30.3,0
54.7,102.9,76.2,27.0,0
43.2,136.3,81.6,24.7,0
46.4,86.3,94.8,23.9,0
38.4,148.0,116.6,28.1,0
49.5,124.2,105.7,33.0,0
79.6,161.0,70.7,25.5,1
33.0,96.9,70.5,33.4,0
34.5,144.5,60.0,27.9,0
32.5,126.2,60.0,27.9,0
77.9,122.0,105.4,38.0,1
45.1,103.3,191.2,34.3,1
51.6,138.7,172.9,34.4,1
46.0,140.2,75.8,22.0,0
37.8,160.1,115.2,37.0,1
48.5,146.1,60.0,25.6,0
88.9,117.3,64.1,24.9,1
72.9,109.9,68.1,15.2,0
39.2,103.4,102.1,27.6,0
61.7,154.5,103.6,20.6,0
39.5,114.0,118.8,28.0,0
25.4,154.6,133.2,20.2,1
67.3,137.5,98.2,35.0,1
69.4,133.9,111.3,28.8,1
67.7,122.5,71.7,37.4,1
45.0,139.9,62.9,20.9,0
49.5,127.7,60.0,33.7,1
63.2,121.4,132.7,17.0,0
57.9,140.5,98.2,27.0,0
46.1,125.4,60.0,22.8,0
27.7,113.6,107.8,23.8,0
53.7,138.8,66.3,23.4,0
68.2,126.8,168.1,21.4,1
34.0,136.8,89.7,19.7,0
61.6,119.8,133.9,23.8,1
57.0,106.2,148.1,26.6,1
63.3,159.2,76.6,31.8,1
65.1,155.8,112.7,27.5,1
41.6,143.9,129.4,31.8,1
27.7,121.0,114.0,18.6,0
44.0,122.6,122.6,23.8,0
65.3,152.9,63.5,29.6,0
43.9,121.6,129.4,27.7,0
41.6,116.6,93.0,21.7,0
24.7,161.7,122.2,30.7,1
78.3,127.1,142.2,23.3,1
64.4,159.8,133.4,22.1,1
63.5,102.8,122.2,28.4,0
66.5,137.3,132.5,26.0,1
60.7,165.3,134.1,23.4,1
48.3,128.5,162.3,23.2,1
49.5,123.2,108.8,20.7,0
45.6,107.0,115.7,24.0,0
90.0,147.5,142.6,31.5,1
60.3,114.1,92.8,27.2,0
45.0,126.3,63.3,30.8,0
59.0,105.8,127.3,28.6,1
36.8,156.0,102.8,22.9,1
74.6,148.8,67.7,17.8,0
42.1,127.4,127.5,21.4,0
59.5,107.2,160.1,22.6,0
68.0,155.6,60.0,22.3,0
57.8,121.4,145.8,30.9,1
53.4,108.1,60.0,30.9,0
52.2,96.3,96.0,37.1,0
51.2,116.4,174.4,22.2,1
43.3,101.8,98.5,34.0,0
45.3,116.8,113.1,34.0,1
74.2,141.4,136.7,24.8,1
50.4,121.2,60.0,28.4,0
40.2,134.4,112.5,32.2,0
44.3,115.0,112.2,25.7,0
68.5,129.2,175.2,25.3,1
62.1,162.6,66.7,22.9,1
60.4,121.7,96.6,15.0,0
48.1,134.9,77.5,26.4,0
60.6,99.8,73.8,22.5,0
42.3,155.4,149.5,20.6,1
48.1,119.4,110.9,28.1,0
66.5,146.9,90.6,18.7,0
65.1,125.8,91.9,30.0,1
37.3,139.0,90.3,28.4,0
39.2,140.1,93.4,24.0,0
53.6,119.9,65.7,25.7,0
77.9,147.7,100.9,20.0,0
23.3,114.3,97.4,29.8,0
56.2,142.0,83.5,26.9,0
31.4,121.0,115.4,27.3,0
42.5,134.3,118.4,28.5,0
46.5,119.7,90.5,22.8,0
45.7,128.9,105.0,18.4,0
44.0,108.7,185.6,30.8,1
52.1,132.5,184.2,29.4,1
44.0,128.8,73.1,23.3,0
30.1,118.3,78.0,28.0,0
63.7,127.0,72.9,32.3,0
63.3,130.4,147.0,31.7,1
64.6,116.9,96.1,23.2,0
28.9,125.7,118.4,18.6,0
56.5,109.9,179.9,19.4,1
62.1,170.2,109.6,24.4,1
36.5,147.1,134.7,33.3,1
52.1,132.9,128.2,22.4,1
50.3,149.1,89.4,23.0,0
79.6,92.4,147.1,22.9,1
80.9,85.0,80.3,23.3,0
27.0,120.8,156.9,25.9,0
89.4,103.2,89.4,19.6,0
38.3,123.7,93.3,31.4,0
66.7,131.7,71.9,25.3,0
66.6,144.6,77.7,38.4,1
37.1,107.5,95.1,20.1,0
59.4,135.2,60.0,33.9,1
50.4,128.3,101.8,33.0,0
60.3,134.3,92.2,23.9,0
55.5,118.6,137.7,24.0,1
69.9,152.9,124.8,21.4,1
53.1,126.1,85.2,21.5,0
49.5,159.9,94.0,26.0,1
68.4,113.8,101.8,26.1,1
60.7,141.4,162.0,18.0,1
63.0,126.9,81.2,37.5,1
42.0,122.1,84.8,24.7,0
36.3,139.4,70.5,26.3,0
43.5,122.6,60.0,22.9,0
42.7,85.0,120.7,24.7,0
63.8,85.0,117.1,24.2,0
66.6,150.9,154.9,26.0,1
49.7,150.1,146.4,25.9,1
73.5,162.0,193.9,30.0,1
72.5,127.7,107.4,27.1,1
55.7,104.7,100.9,29.5,0
39.7,120.4,64.5,26.0,0
75.6,128.2,134.4,27.2,1
51.1,109.9,114.1,24.8,0
53.9,157.7,132.8,31.0,1
46.9,168.3,70.1,27.6,1
38.7,136.6,122.3,25.2,1
30.0,127.8,117.2,25.1,0
61.5,104.7,114.9,25.5,0
40.2,155.8,86.1,26.2,0
90.0,129.4,151.6,25.7,1
35.7,122.8,181.8,23.2,1
33.1,136.7,71.1,29.8,0
59.7,117.5,135.2,30.1,1
74.9,130.6,60.0,34.9,0
53.0,102.0,133.4,23.0,0
60.6,147.6,60.0,29.3,0
24.3,126.1,91.6,16.5,0
41.8,148.9,64.0,30.1,0
35.9,124.4,102.5,18.7,0
23.6,125.5,139.4,21.1,0
53.8,106.2,60.0,27.7,0
18.4,141.7,97.4,22.9,0
32.2,112.2,92.0,22.2,0
43.9,119.2,165.3,23.6,0
39.5,128.0,125.1,29.6,0
57.9,130.2,68.8,21.3,0
56.6,97.3,93.5,25.7,0
65.4,123.8,164.5,24.1,1
63.3,142.3,135.0,30.1,1
69.1,121.2,77.9,30.2,1
52.0,124.0,100.7,16.8,0
56.6,130.9,101.8,31.2,1
59.7,125.7,91.2,22.9,0
54.1,109.5,60.0,27.2,0
46.0,127.3,86.3,21.3,0
47.0,145.9,158.6,27.9,1
39.7,109.1,96.7,38.8,0
58.3,121.3,106.4,26.6,0
50.6,103.1,114.9,23.7,0
42.1,144.9,187.6,24.8,1
42.1,126.3,110.3,18.7,0
33.8,112.7,148.3,33.2,1
66.7,129.7,89.1,27.6,1
53.2,106.3,100.9,20.8,0
39.1,109.4,110.4,20.9,0
64.1,101.7,82.9,26.1,0
43.6,108.8,102.9,30.7,0
30.9,152.4,141.1,20.2,1
67.3,114.8,82.0,31.6,0
43.9,136.4,110.0,25.5,0
45.9,112.9,134.8,21.3,0
52.6,141.7,81.1,23.7,0
69.1,109.5,148.3,34.7,1
52.3,128.7,112.6,19.1,0
34.0,129.0,104.2,22.3,0
60.2,169.9,60.0,30.8,1
44.7,139.3,96.9,27.1,1
80.3,117.3,123.0,22.0,1
52.0,140.3,171.1,30.8,1
18.5,166.5,129.9,31.1,1
57.4,98.7,149.4,27.7,1
81.2,112.8,67.7,22.9,0
75.6,123.7,105.6,23.7,1
79.5,120.5,152.7,27.4,1
36.7,122.0,78.9,19.4,0
65.7,104.5,143.8,32.6,1
41.2,153.3,135.7,34.5,1
55.4,102.4,119.6,24.8,0
32.9,124.4,98.5,27.8,0
42.3,146.8,75.5,31.9,1
41.9,127.5,172.1,35.8,1
65.5,110.4,132.1,33.8,1
64.0,103.7,121.9,17.3,0
56.2,123.9,95.6,24.4,0
31.7,114.4,111.3,28.5,0
47.3,131.7,115.8,23.5,1
40.8,102.8,124.0,34.9,0
65.0,142.6,135.7,34.1,1
69.7,130.1,82.6,21.9,1
67.8,131.4,60.0,25.2,1
40.7,153.9,112.9,22.3,1
18.0,120.1,60.0,25.0,0
25.5,114.9,98.7,24.9,0
73.3,118.1,92.2,30.8,1
46.0,124.5,127.2,21.6,0
40.7,126.4,179.4,15.0,0
76.6,113.0,60.0,18.0,0
71.0,91.6,189.6,20.9,1
52.4,117.9,101.8,22.7,0
47.6,134.5,122.2,26.9,1
50.0,130.5,60.5,20.6,0
55.4,149.6,144.9,19.9,1
76.0,163.2,111.5,21.4,1
58.3,141.7,107.8,20.4,0
62.9,152.9,60.0,23.2,1
69.5,141.8,112.6,23.0,0
34.5,158.8,139.6,29.4,1
63.3,161.3,101.7,21.1,0
47.6,145.1,151.1,24.2,1
18.0,140.7,149.7,23.3,0
20.1,124.3,87.6,30.0,0
36.7,127.3,165.8,25.2,1
60.0,121.9,111.6,31.3,1
53.7,139.2,111.7,20.2,1
54.8,115.0,113.5,25.8,0
81.3,124.6,112.4,23.1,1
33.0,85.6,60.0,19.9,0
51.6,159.0,103.5,25.7,1
56.6,124.0,62.3,34.7,1
41.0,136.2,166.9,21.7,1
52.4,154.2,165.5,25.4,1
28.0,133.4,139.8,19.4,0
73.1,154.0,101.7,18.7,1
41.8,105.6,74.7,22.1,0
82.5,171.2,87.0,23.8,1
51.5,147.6,178.0,24.0,1
67.4,131.8,85.8,24.9,0
51.2,153.7,60.0,17.8,0
51.5,107.0,146.1,22.9,0
43.2,122.8,162.5,28.5,1
53.8,154.0,168.1,19.2,1
56.8,94.4,146.3,24.2,0
40.2,138.1,152.1,27.5,1
50.1,137.6,111.9,22.1,0
42.8,163.4,60.0,27.7,0
86.5,99.5,111.0,18.4,0
50.7,157.0,131.8,30.4,1
75.2,117.9,105.3,27.8,1
49.1,120.0,103.7,26.3,0
55.9,106.0,76.3,31.6,0
32.2,108.4,74.9,24.4,0
45.3,135.3,174.3,22.9,1
55.2,108.0,175.6,32.9,1
75.8,141.3,109.9,35.2,1
55.3,116.1,119.9,22.5,0
72.8,106.2,75.7,25.4,0
61.6,118.5,132.5,31.2,1
76.4,134.1,171.6,25.6,1
51.1,123.0,60.0,29.0,0
87.9,128.6,126.2,29.9,1
44.7,140.5,128.9,23.2,0
40.5,147.5,128.5,28.1,0
33.8,122.4,167.5,26.0,1
87.0,109.2,181.3,19.9,1
64.3,129.4,101.8,21.1,0
47.0,136.5,133.6,22.7,1
70.7,101.7,112.9,30.6,1
62.3,112.0,87.9,30.8,0
81.5,115.1,119.5,29.7,1
28.8,124.3,133.5,28.2,0
48.0,114.3,117.6,28.1,0
45.1,140.7,79.2,27.4,0
22.4,99.1,93.8,28.0,0
67.9,99.6,94.0,28.4,0
47.9,122.0,80.5,19.0,0
63.1,124.8,121.0,22.0,1
87.4,101.8,124.6,20.9,1
46.7,117.1,144.3,31.5,1
45.7,120.8,80.0,34.3,1
53.8,120.9,89.8,15.2,0
66.8,130.7,164.4,33.8,1
43.5,116.1,104.2,26.4,0
42.5,154.6,111.1,31.1,0
67.9,136.8,103.9,28.5,1
57.7,113.5,149.7,33.2,1
21.3,129.7,151.0,27.0,1
33.6,130.2,149.0,19.2,0
74.5,149.9,110.9,25.5,1
58.0,117.2,79.5,28.6,0
40.6,141.8,177.4,24.9,1
49.4,128.8,140.0,29.3,1
52.2,154.8,94.0,25.7,1
63.0,151.2,159.8,23.0,1
31.6,131.5,91.3,20.6,0
39.4,123.3,159.4,24.0,1
56.1,137.1,161.7,27.0,1
50.5,124.8,77.7,16.2,0
60.6,158.2,130.4,22.1,1
33.6,129.4,137.4,16.0,0
57.4,120.7,201.5,22.9,1
68.4,119.7,84.0,32.0,0
59.3,106.2,160.1,20.1,1
54.1,138.0,110.6,29.5,1
50.6,113.2,66.6,40.2,0
39.5,147.8,105.8,33.3,1
50.9,104.7,110.1,26.7,0
70.9,130.3,72.9,30.3,1
50.2,148.7,120.9,19.2,1
38.7,89.3,143.5,18.1,0
44.6,164.3,118.3,26.1,1
55.0,120.3,91.0,28.0,0
46.4,130.5,104.8,31.5,1
59.3,138.3,109.8,23.2,0
59.8,141.1,117.6,27.0,1
65.3,132.9,148.8,26.8,1
73.4,146.0,119.5,25.3,1
66.9,137.3,60.9,25.6,0
38.0,159.7,90.3,21.7,0
38.4,137.4,115.8,27.4,1
50.9,163.4,149.3,27.0,1
45.2,144.2,155.4,23.8,1
34.9,95.5,172.1,29.3,1
45.4,175.0,114.6,31.1,1
44.9,117.7,136.7,29.4,1
41.9,154.9,60.0,20.8,0
47.3,128.5,125.0,26.5,0
69.7,147.1,72.4,21.4,0
55.0,115.6,107.8,26.5,0
89.1,139.3,216.0,21.5,1
54.6,123.4,120.6,32.4,1
47.6,156.4,79.8,29.9,0
52.1,135.9,124.3,31.8,1
55.8,144.8,91.9,31.3,1
58.5,89.0,76.4,24.6,0
83.2,126.5,183.6,23.9,1
39.3,135.4,147.3,34.7,1
64.9,132.0,122.1,25.2,1
55.1,145.3,96.3,19.2,0
28.4,121.4,99.1,31.0,0
63.6,128.9,164.0,26.7,1
71.0,149.3,120.7,33.5,1
39.1,87.0,60.0,27.2,0
51.9,138.6,194.7,25.9,1
26.1,122.0,116.4,33.6,0
33.1,111.6,122.0,18.3,0
67.7,134.1,148.0,23.1,1
45.0,150.1,126.3,21.6,1
35.4,146.7,136.1,15.0,0
55.4,125.6,95.2,30.4,1
44.2,143.8,67.0,23.2,0
44.9,143.6,119.8,30.5,1
63.1,126.4,160.1,27.9,1
34.6,115.5,87.3,29.0,0
38.4,116.6,84.5,23.7,0
54.3,143.1,152.7,22.2,1
66.5,127.2,94.0,26.4,0
70.6,109.2,95.6,30.6,0
42.0,97.7,96.9,25.7,0
66.1,143.0,107.7,22.5,1
40.2,118.2,60.0,20.0,0
79.4,133.9,91.1,27.0,1
35.0,150.3,118.1,23.2,0
71.9,104.4,117.8,25.6,0
42.2,127.2,150.5,24.8,0
82.2,124.9,174.4,23.8,1
60.9,134.8,162.9,27.5,1
36.8,150.3,142.0,28.8,1
44.2,104.1,104.8,35.8,1
63.7,138.3,88.2,29.8,0
67.8,146.6,110.6,34.0,1
50.9,124.6,130.5,21.9,1
52.7,125.5,138.8,18.0,0
63.4,135.5,131.8,25.9,1
54.0,134.2,105.8,30.3,1
32.6,138.5,137.5,29.5,1
39.8,138.1,154.1,32.1,1
55.5,110.3,140.8,15.0,0
70.2,145.8,108.9,32.3,1
76.2,149.0,80.8,27.7,1
63.7,131.3,80.0,18.3,0
56.3,101.1,86.2,29.6,0
63.2,125.9,119.0,26.8,1
42.0,131.5,128.2,27.9,0
49.7,107.4,60.5,31.0,0
39.6,121.5,92.4,28.2,0
33.3,102.6,118.5,18.6,0
57.0,138.9,78.5,25.3,0
54.8,131.0,125.2,17.9,0
62.3,98.4,99.2,29.2,0
60.2,134.3,84.7,33.0,1
55.6,127.0,111.9,19.8,0
60.3,137.3,123.7,22.6,1
51.4,121.0,80.3,21.6,0
58.2,113.6,101.5,23.7,0
41.1,114.1,126.4,28.1,1
57.5,118.3,83.3,23.8,0
62.0,128.3,60.0,29.3,0
42.0,130.7,60.0,31.3,0
52.8,124.6,95.4,31.5,0
42.6,120.4,63.9,20.4,0
44.1,121.7,97.8,32.9,1
35.1,173.1,168.3,33.3,1
71.0,114.1,61.7,33.8,0
68.0,118.0,100.1,25.2,1
60.1,187.3,184.6,22.2,1
81.6,135.6,124.3,21.1,1
49.2,103.2,97.1,20.5,0
90.0,143.2,104.5,26.1,1
48.6,111.6,125.0,30.2,0
55.8,144.4,169.4,32.5,1
46.0,124.2,91.4,23.6,0
57.6,120.1,83.5,25.8,0
64.5,157.0,61.7,25.5,1
50.3,138.2,113.6,22.8,0
78.7,145.5,60.8,29.7,1
55.6,135.8,93.8,27.8,1
56.1,120.0,78.2,26.7,0
38.4,139.0,147.6,27.8,1
58.3,149.8,92.2,29.1,0
50.0,130.4,123.9,29.0,1
42.9,160.4,60.0,21.8,0
40.4,143.3,114.6,30.5,1
90.0,131.8,67.9,27.3,1
48.0,132.5,95.1,23.8,0
30.1,130.5,187.4,27.2,1
41.5,105.5,142.6,27.7,1
51.2,126.4,105.5,31.4,0
60.2,132.0,222.0,20.8,1
60.3,120.5,78.0,32.6,1
62.1,134.1,150.8,26.1,1
42.3,128.4,60.0,23.5,0
57.1,141.9,101.5,23.3,1
38.9,139.9,62.8,21.0,0
42.7,131.0,119.0,17.3,0
38.2,103.4,112.0,29.4,0
34.2,160.2,99.2,35.9,0
68.0,125.4,148.2,17.9,0
62.3,126.5,90.2,21.2,0
66.6,121.8,121.4,29.8,0
52.6,119.2,138.7,25.8,0
63.7,155.8,60.0,30.2,1
25.6,152.9,83.8,25.5,0
64.9,136.0,111.9,23.1,0
54.7,126.1,132.1,24.9,0
61.4,139.1,159.7,15.0,1
57.7,129.3,102.4,20.3,0
37.2,124.6,98.9,30.7,0
29.5,134.1,79.5,32.0,0
41.3,120.1,121.5,33.0,0
60.5,132.5,99.6,28.2,0
62.4,131.7,100.4,15.0,0
31.5,138.9,106.7,22.8,0
37.3,116.9,129.3,32.6,1
41.2,140.8,90.3,34.1,0
46.6,111.7,83.0,32.8,0
31.6,117.7,125.1,24.8,0
30.7,118.5,60.0,19.5,0
39.7,108.7,88.9,25.8,0
53.3,146.3,69.7,26.1,0
34.3,110.6,152.1,33.8,1
50.3,115.4,94.6,27.1,0
67.9,150.6,90.4,26.1,1
32.5,117.7,108.3,26.4,0
48.9,124.6,89.2,28.0,0
67.4,109.8,95.9,29.1,0
45.7,143.0,113.4,22.4,0
43.4,143.2,95.2,20.7,0
69.5,141.3,95.0,32.9,1
47.4,137.7,74.6,17.8,0
68.6,129.3,69.6,34.2,0
58.4,118.6,112.1,16.4,0
46.9,113.3,120.7,23.1,0
59.2,151.2,60.0,30.9,1
56.8,141.8,136.6,26.0,1
67.3,115.5,136.7,19.4,1
43.8,128.7,144.1,28.1,1
52.6,122.6,120.5,26.3,0
51.1,107.7,132.3,24.9,0
62.6,131.2,186.5,22.9,1
36.6,120.5,99.4,25.8,0
67.3,110.9,73.4,23.1,0
59.0,101.4,60.0,38.2,0
32.2,99.9,171.4,24.8,0
70.1,121.3,171.9,24.1,1
85.5,126.5,77.6,23.3,0
67.0,112.2,84.5,34.9,0
73.4,139.7,98.7,17.8,1
53.3,126.8,152.8,27.8,1
27.1,138.4,64.9,24.8,0
24.3,124.7,60.0,18.9,0
55.8,113.8,185.9,21.9,1
43.1,130.1,120.9,27.6,0
38.3,105.3,125.9,21.7,0
51.1,137.7,102.8,27.3,1
61.2,111.1,126.3,34.6,0
30.2,144.5,60.0,26.9,0
45.3,121.9,80.6,18.7,0
74.6,147.1,113.7,21.8,1
35.9,107.8,60.0,24.6,0
65.0,115.8,99.4,24.2,0
44.7,134.9,97.3,26.8,0
60.2,149.1,99.4,27.6,1
68.5,158.0,90.7,34.7,1
63.1,128.7,75.1,26.0,0
65.6,161.1,60.0,20.2,0
34.7,122.8,115.1,31.8,1
68.7,147.8,99.5,32.3,1
39.2,111.0,61.9,27.2,0
55.9,135.6,112.2,24.8,0
55.9,85.8,99.7,29.1,0
59.3,107.8,93.9,24.9,0
57.1,136.4,60.0,15.7,0
39.3,104.4,133.9,28.8,1
31.8,135.7,66.8,30.5,0
65.1,144.3,112.2,33.2,1
54.8,119.0,81.7,22.3,0
69.2,110.6,96.4,27.1,0
51.3,119.5,150.3,27.2,1
30.9,110.6,128.6,26.4,0
66.5,126.2,149.6,26.6,1
46.4,129.8,121.6,26.2,0
57.1,122.5,123.9,27.1,0
42.3,158.1,60.0,29.7,1
76.7,115.1,98.9,32.1,0
38.9,153.0,102.1,22.2,0
46.9,109.3,152.8,25.1,1
53.6,129.3,92.3,23.9,0
35.6,149.3,119.3,23.2,0
57.0,148.4,117.9,17.9,1
76.2,120.4,150.5,26.1,1
44.6,138.0,105.3,28.4,1
57.9,135.6,139.0,25.2,1
18.0,118.3,60.0,26.0,0
51.4,139.1,60.0,28.1,0
47.3,161.5,60.0,33.1,1
39.7,136.5,137.5,23.9,0
68.2,138.2,133.6,20.1,1
47.1,140.1,141.4,25.5,1
49.3,101.7,86.3,35.4,0
46.3,136.3,90.3,20.2,0
23.2,109.7,105.8,29.3,0
35.0,117.4,160.5,31.8,1
66.4,166.9,169.3,15.0,1
20.4,123.4,137.8,28.1,0
40.5,114.7,121.6,29.0,1
46.0,148.7,156.7,24.7,1
78.2,110.9,101.0,22.8,0
63.5,119.9,96.3,23.0,0
43.6,150.5,105.5,24.4,0
71.6,128.8,75.7,24.5,0
40.9,99.9,103.9,23.5,0
67.1,137.8,70.9,24.3,1
31.6,120.9,145.9,32.0,1
68.1,155.7,129.0,19.9,1
45.9,117.1,160.0,17.3,1
36.6,146.9,60.0,32.0,1
48.7,160.0,176.6,25.0,1
56.2,112.7,60.0,24.1,0
44.6,124.5,68.1,25.4,0
60.3,135.0,88.3,27.0,1
43.3,112.6,155.8,23.4,1
61.3,132.9,117.9,28.5,1
58.6,124.0,101.5,21.2,0
51.1,123.6,82.3,24.5,0
45.4,128.9,61.8,15.0,0
54.3,129.3,149.6,31.9,1
60.3,130.9,138.0,25.1,1
82.9,117.2,157.3,29.4,1
66.1,118.0,123.9,28.4,0
66.6,125.9,60.0,28.7,0
90.0,127.2,66.4,26.0,0
59.7,120.1,126.3,27.9,0
59.3,133.8,97.1,21.2,1
62.6,95.3,90.4,20.1,0
36.9,114.9,71.4,25.5,0
45.3,123.0,143.2,22.6,0
44.4,112.6,126.0,33.1,0
61.7,157.3,127.5,27.9,1
49.4,128.3,87.8,22.4,0
54.1,131.2,116.2,24.6,1
68.3,119.3,63.2,26.7,0
64.9,127.7,105.5,25.7,1
49.6,106.1,60.0,27.4,0
42.0,124.9,60.0,26.3,0
69.0,111.1,98.7,19.0,0
63.6,123.0,193.1,15.2,1
27.9,85.0,60.0,24.1,0
47.3,107.7,66.5,28.8,0
54.5,154.4,117.6,24.2,1
63.7,142.9,171.9,32.2,1
65.7,151.7,117.1,25.8,1
56.3,153.0,134.6,32.8,1
60.8,140.1,98.2,31.8,1
53.0,119.8,92.1,31.3,0
41.9,109.3,112.9,20.0,0
48.1,148.6,87.0,26.1,0
52.3,129.2,135.3,32.1,1
51.5,172.9,60.0,27.4,1
23.7,121.4,141.1,28.8,0
46.0,163.5,111.4,19.1,1
52.8,125.2,102.5,35.6,1
47.8,152.0,60.0,22.0,0
48.3,158.5,75.7,16.0,0
59.3,109.6,152.0,24.2,1
35.8,119.3,102.7,15.0,0
27.6,109.4,119.7,20.6,0
46.8,105.9,79.2,38.8,0
63.5,140.0,109.0,24.1,0
77.3,124.5,62.0,18.9,0
63.7,128.9,113.5,26.1,1
30.0,138.0,123.0,21.5,0
48.5,94.6,121.2,30.3,0
55.8,151.2,78.4,21.6,1
54.7,121.7,98.0,27.4,0
60.1,137.6,128.8,20.3,1
38.2,139.2,102.6,39.0,1
53.0,152.7,99.9,28.5,1
58.3,126.1,176.6,25.3,1
64.4,89.8,76.7,24.5,0
39.9,129.0,147.8,23.2,1
46.8,131.6,69.6,22.2,0
18.0,109.4,132.9,22.1,0
42.7,130.7,134.8,34.4,1
44.1,121.5,92.1,23.2,0
36.7,103.8,67.4,15.4,0
54.5,140.1,60.0,20.2,0
51.2,117.9,88.5,30.6,0
18.1,120.7,128.4,24.7,0
55.2,119.7,72.3,25.3,0
38.1,150.2,113.4,31.8,1
59.3,127.3,60.0,22.1,0
32.8,129.4,101.8,29.2,0
52.5,120.1,69.9,22.7,0
47.8,136.3,107.3,28.9,0
56.5,152.3,92.5,24.0,0
53.9,139.7,68.3,24.8,0
48.2,140.4,86.9,30.1,1
29.0,138.9,77.3,29.7,0
29.8,103.2,64.0,25.2,0
43.2,112.2,147.9,23.6,0
51.9,124.3,97.4,34.0,0
42.9,114.9,60.0,28.9,0
61.4,108.8,88.2,24.0,0
47.8,94.3,142.0,22.7,0
37.5,103.8,83.4,31.1,0
47.8,123.4,162.4,26.6,1
55.4,126.8,80.0,25.2,0
56.9,113.7,127.6,26.6,0
80.2,129.4,146.3,27.7,1
42.0,120.2,125.8,25.7,0
50.9,147.6,61.9,32.0,0
58.4,125.1,77.0,32.3,0
51.6,140.5,151.0,28.7,1
44.5,131.7,81.8,32.9,1
28.8,102.8,144.1,26.0,0
44.3,126.4,94.9,29.5,1
35.9,105.8,115.0,31.0,0
26.1,126.1,61.5,31.1,0
40.1,114.6,88.7,30.6,0
36.3,134.9,79.4,29.2,0
60.8,103.8,117.9,35.8,1
61.0,128.3,113.3,23.3,0
38.4,138.3,126.2,25.2,0
48.1,144.3,92.8,24.9,0
24.1,114.2,77.4,24.2,0
44.6,128.3,116.4,16.1,0
58.0,131.3,74.0,32.9,0
64.4,155.8,147.7,20.9,1
41.3,101.3,106.0,26.8,0
67.8,111.6,98.6,18.9,0
29.3,178.5,126.2,29.1,1
33.3,123.1,107.3,22.1,0
62.6,94.0,60.0,20.3,0
77.1,117.5,72.8,27.0,1
59.4,85.0,147.0,22.5,1
51.4,132.3,112.9,23.1,0
19.1,142.6,60.0,26.9,0
21.7,111.6,122.3,30.0,0
53.9,119.5,90.4,21.9,0
46.6,144.6,79.4,21.0,0
35.4,96.5,69.9,26.1,0
53.0,104.2,145.0,28.7,1
53.7,123.9,60.0,33.3,0
66.2,114.5,80.7,20.6,0
54.0,122.7,114.2,24.4,1
70.4,105.3,165.2,31.9,1
52.1,131.9,129.4,35.9,1
50.3,125.3,80.4,21.0,0
68.0,137.9,163.5,22.3,1
37.3,131.6,62.6,27.9,0
90.0,131.7,119.3,23.1,1
57.6,102.0,127.1,22.2,0
57.7,136.9,79.2,27.2,0
59.9,122.0,134.4,33.7,1
80.2,125.0,92.0,19.5,0
63.9,146.9,134.3,33.5,1
27.9,115.1,60.0,23.1,0
73.1,152.3,121.7,27.7,1
46.9,154.0,95.6,34.0,1
53.6,141.6,150.2,27.6,1
32.8,110.3,108.5,24.5,0
59.9,88.6,153.7,29.6,0
42.2,147.4,127.8,25.1,0
53.5,130.0,105.5,28.6,0
47.7,114.6,137.6,25.0,1
80.9,149.1,137.8,30.3,1
81.7,112.5,126.5,19.0,1
52.7,120.4,60.0,20.9,0
53.0,137.4,75.6,19.0,0
46.4,108.0,158.4,25.7,1
68.6,126.0,66.0,18.4,0
47.1,147.6,140.9,22.5,0
45.7,131.8,134.7,20.5,1
66.7,150.5,84.6,33.4,1
43.9,148.4,60.0,21.0,0
51.4,128.1,90.1,19.6,0
28.3,85.9,182.7,27.2,0
62.6,108.1,79.8,34.4,1
81.1,141.7,82.2,25.4,1
62.8,100.1,75.1,25.8,0
73.9,122.1,152.5,32.5,1
39.3,134.1,101.5,30.4,0
55.5,154.5,88.1,28.1,1
37.9,117.6,159.5,23.1,0
48.6,116.4,130.3,28.3,1
63.6,127.1,77.8,19.2,0
53.5,134.3,67.2,22.9,0
30.8,125.2,150.5,33.2,1
32.3,146.9,110.6,32.5,0
31.3,113.6,60.0,28.2,0
59.4,130.2,60.0,16.4,0
83.0,136.0,70.9,20.0,0
72.4,120.8,66.6,22.6,0
23.6,143.1,60.0,25.1,0
73.3,130.7,71.5,19.7,0
66.0,142.2,77.8,24.8,1
28.8,131.5,93.8,34.8,0
47.5,134.8,169.3,28.0,1
68.4,116.6,100.7,27.1,1
60.3,116.6,104.1,20.9,0
32.4,150.0,127.8,17.8,0
61.2,139.4,101.7,19.9,1
19.9,109.6,124.0,17.6,0
48.7,131.3,119.8,26.4,0
69.1,85.3,114.3,27.9,0
52.3,117.7,206.8,21.2,1
44.5,145.3,141.9,26.7,1
65.3,125.7,72.1,33.3,0
66.6,130.1,123.0,35.8,1
71.7,85.0,82.3,29.9,0
65.1,120.9,125.6,25.1,0
68.2,134.1,61.9,29.7,1
63.0,136.4,71.2,32.8,1
56.0,145.3,122.0,16.0,1
53.3,124.2,144.9,33.4,1
48.4,125.0,127.6,23.3,0
33.8,104.0,139.9,23.3,0
37.7,124.3,123.1,24.2,0
47.8,105.3,116.0,27.6,0
55.6,94.7,92.4,20.4,0
73.6,108.5,138.5,24.6,0
51.4,155.2,145.9,28.6,1
67.1,123.1,107.8,27.1,1
68.2,132.0,105.9,27.9,1
48.5,118.8,165.7,24.4,1
60.9,95.8,109.3,29.5,1
48.3,144.9,112.6,31.3,0
71.8,88.9,126.9,31.0,0
61.5,118.0,106.6,28.1,1
34.1,127.0,81.3,30.7,0
54.4,132.1,123.2,30.4,1
76.7,114.9,108.6,39.4,1
49.3,94.9,174.5,32.1,1
58.7,113.6,137.6,25.6,1
60.2,114.5,89.2,21.4,0
36.5,114.1,135.5,24.7,0
59.7,145.5,120.8,24.3,1
31.1,106.2,155.8,28.6,0
42.6,133.4,91.6,22.5,0
68.1,130.8,116.6,32.0,1
57.4,145.3,106.5,19.1,1
47.4,125.6,112.0,17.8,0
58.7,142.2,79.0,25.3,0
51.1,124.9,130.2,21.8,1
52.2,135.8,124.6,19.7,0
61.9,100.9,155.0,22.8,0
41.1,85.0,109.6,22.2,0
52.6,134.8,95.6,26.1,0
47.3,135.8,137.6,22.9,1
28.2,136.6,82.2,23.3,0
38.2,118.6,148.0,26.0,0
75.5,154.8,147.9,31.1,1
57.8,119.7,154.0,33.4,1
32.1,135.6,123.2,26.7,1
28.9,138.7,93.0,27.1,0
50.3,158.9,113.8,25.1,1
75.4,122.3,123.3,28.4,1
49.2,116.2,90.4,28.0,0
71.6,101.0,156.7,32.6,1
57.3,155.9,130.3,16.6,0
59.1,135.6,78.8,24.8,1
32.0,136.2,175.9,27.7,1
66.1,184.1,113.4,25.9,1
47.0,133.9,71.7,21.3,0
64.9,104.6,80.9,19.5,0
39.8,124.5,162.1,30.0,0
54.7,110.5,173.9,22.2,1
57.3,120.9,145.3,17.2,1
49.7,120.8,156.2,30.3,1
58.1,117.4,152.6,28.3,1
48.0,102.9,129.5,25.4,0
42.3,156.7,121.5,21.4,1
76.1,133.4,128.9,25.4,1
67.7,123.9,135.8,32.1,1
40.6,141.6,84.0,17.9,0
60.5,136.5,135.6,18.2,0
40.9,133.0,161.1,22.9,1
34.2,140.3,102.8,25.9,0
67.5,130.4,99.0,23.5,0
26.4,140.1,126.7,29.2,1
65.9,141.6,87.3,31.4,1
48.2,130.9,63.9,27.4,0
48.8,124.0,150.2,28.8,1
58.1,155.5,94.2,27.4,0
60.7,119.4,110.6,26.0,0
39.6,135.0,88.6,19.5,0
62.8,135.5,154.7,20.9,1
53.7,117.0,139.9,19.2,0
33.2,113.5,101.6,25.3,0
49.5,121.6,68.7,27.2,0
72.7,119.1,97.9,18.8,0
77.1,101.8,130.0,26.4,0
62.8,116.3,116.6,21.6,1
34.1,132.8,113.8,20.7,0
59.4,150.8,117.4,22.9,1
64.8,138.0,136.6,20.4,0
62.9,85.0,108.5,29.0,0
63.8,139.5,125.8,25.2,1
57.4,118.0,75.5,30.1,0
50.9,136.2,199.4,23.8,1
42.9,127.7,100.1,24.0,0
23.5,124.5,117.1,35.4,0
57.1,126.2,129.8,17.9,0
54.8,127.6,95.6,32.4,1
60.4,152.2,110.3,34.3,1
31.9,127.6,109.8,29.8,0
61.7,147.5,78.0,24.3,1
82.8,144.9,125.4,33.1,1
53.2,140.0,60.0,24.4,0
51.1,95.8,171.3,22.5,1
56.6,148.1,137.8,24.1,1
82.5,119.8,132.4,23.1,1
36.6,140.9,60.0,21.3,0
55.0,110.5,82.3,31.6,0
40.0,106.7,158.6,22.1,0
43.8,163.6,255.3,25.9,1
51.3,110.8,151.8,18.8,0
72.2,148.6,146.3,26.2,1
79.0,130.1,128.4,20.2,1
58.7,120.4,80.3,20.1,0
46.4,127.2,144.8,25.5,1
89.4,104.6,71.5,31.3,0
45.6,127.8,67.6,28.2,0
43.4,108.5,65.4,28.5,0
25.4,120.9,144.2,25.4,0
72.9,144.7,108.0,24.3,1
66.5,132.6,113.5,30.0,1
88.3,101.3,109.5,23.2,0
31.2,143.3,70.6,30.2,0
73.9,127.9,86.5,32.2,0
53.1,118.2,88.3,21.8,0
64.1,141.4,60.8,22.5,0
27.3,125.0,92.4,23.3,0
74.0,107.0,72.2,18.7,0
63.8,161.3,130.2,23.7,1
51.4,127.7,133.1,32.5,1
61.7,126.5,64.7,20.8,0
40.5,120.7,99.6,32.6,1
43.3,149.2,175.0,23.8,1
45.0,118.6,75.7,36.6,0
24.2,100.2,124.9,22.6,0
64.9,115.8,113.7,25.3,1
69.9,151.9,148.3,21.4,1
41.5,143.0,120.3,22.6,0
57.2,123.4,94.9,32.7,0
48.0,152.7,112.3,28.4,1
56.9,141.5,112.8,31.1,1
42.6,123.2,106.8,19.4,0
38.7,125.0,63.8,29.3,0
67.8,133.9,153.5,21.1,1
51.0,113.0,147.3,19.3,1
82.3,128.1,73.5,27.2,1
52.7,133.6,99.5,27.1,1
38.1,97.6,102.1,26.3,0
70.4,124.6,69.5,29.6,0
61.5,122.5,60.0,30.4,0
62.9,146.5,86.5,33.3,1
69.9,94.8,97.5,20.0,0
42.2,121.1,60.0,33.5,0
50.1,119.3,116.2,35.4,1
49.4,145.3,150.7,24.2,1
32.6,127.2,139.5,17.7,0
48.0,160.3,105.6,19.1,1
72.0,139.9,60.0,23.7,0
55.6,120.6,135.0,36.1,1
31.8,132.3,115.1,26.1,1
28.7,121.6,124.9,22.9,0
77.0,143.5,177.8,22.6,1
50.6,104.0,81.1,19.4,0
42.3,113.2,60.0,30.4,0
47.9,136.2,73.1,25.5,0
29.8,150.1,127.0,36.5,1
73.3,88.4,110.9,29.1,0
46.1,152.7,67.5,30.1,1
72.5,125.5,60.3,24.8,0
52.8,94.1,97.6,20.5,0
73.4,85.0,66.4,21.6,0
55.9,100.5,128.2,19.2,0
64.8,127.6,95.6,30.6,1
62.8,126.8,88.1,24.1,0
61.3,139.4,83.5,30.8,1
57.2,118.1,119.2,26.7,1
48.5,108.1,111.5,24.5,0
80.7,120.6,117.1,20.2,1
38.4,128.6,116.3,27.5,1
52.1,132.2,107.5,24.9,0
52.2,113.8,73.8,30.5,0
58.0,144.2,84.4,22.4,0
45.6,116.8,96.2,29.1,0
56.7,112.3,182.3,34.2,1
49.5,118.2,62.8,27.4,0
28.3,147.3,95.3,29.9,0
52.1,125.6,113.4,28.9,0
35.5,115.5,99.4,35.5,0
26.0,144.7,147.6,27.9,1
54.1,166.6,99.2,29.5,1
59.3,131.8,101.8,25.8,1
59.9,150.2,138.5,22.1,1
60.5,146.6,173.4,20.0,1
23.0,117.1,159.3,32.3,1
31.6,128.5,105.2,21.0,0
81.6,104.9,108.3,29.7,1
36.3,124.3,111.6,28.1,0
61.2,116.7,115.1,30.6,1
41.7,120.7,80.3,23.4,0
53.2,114.5,142.8,22.0,0
42.5,122.8,117.2,27.9,0
60.4,137.6,108.4,24.5,1
54.1,125.8,65.5,19.8,0
45.3,94.4,112.2,35.7,0
36.2,114.6,60.0,22.0,0
56.0,100.7,89.6,21.0,0
33.8,132.4,90.3,24.8,0
58.4,137.1,120.0,32.3,1
90.0,132.6,175.8,15.2,1
72.3,113.8,130.0,31.8,1
62.8,132.4,160.7,21.4,1
50.7,119.5,132.6,27.3,1
22.9,107.5,149.4,22.6,0
32.2,141.4,175.0,36.0,1
71.2,142.7,84.4,26.6,1
40.2,145.1,82.1,22.5,0
41.5,117.0,133.4,24.5,0
49.5,149.2,109.9,26.4,0
36.1,119.1,117.7,26.9,0
33.6,139.8,101.3,28.2,0
51.2,118.8,89.1,26.0,0
38.6,124.0,166.7,19.1,1
40.9,85.0,71.5,24.3,0
40.3,122.6,134.0,29.0,0
59.8,129.6,128.3,22.7,1
48.5,120.6,60.0,29.4,0
49.3,159.6,80.9,26.2,1
61.0,107.1,86.8,24.9,0
49.9,117.9,129.8,32.0,1
47.8,111.7,97.2,17.3,0
59.1,117.9,107.0,22.6,0
62.0,146.6,60.0,32.2,1
49.8,154.6,191.4,35.2,1
53.2,115.4,112.5,37.4,1
40.3,115.0,127.5,26.3,1
39.1,107.2,91.1,28.3,0
63.5,151.5,87.2,30.1,1
58.7,148.2,176.9,32.4,1
58.8,126.1,60.0,27.6,0
56.2,102.9,119.8,30.6,0
52.7,104.5,67.6,28.3,0
62.4,131.1,95.8,28.6,0
66.0,137.9,87.7,21.4,0
65.7,90.8,75.5,24.4,0
50.5,122.2,111.2,23.4,0
72.8,157.1,60.0,20.1,1
55.4,124.1,99.0,17.7,0
61.5,154.8,106.8,23.9,1
56.2,139.7,62.4,24.7,0
55.7,108.5,163.0,26.5,1
41.0,122.7,89.2,28.8,0
62.5,125.7,101.7,26.9,0
90.0,110.9,89.3,24.7,1
46.4,110.5,107.1,21.4,0
53.1,155.1,155.8,30.4,1
45.3,110.4,196.6,25.5,1
44.7,147.4,136.1,23.8,1
75.2,120.1,148.1,25.1,1
41.9,127.5,170.1,22.3,1
44.9,138.1,118.7,23.3,0
28.2,117.2,165.0,23.2,1
40.6,138.2,137.7,24.6,1
26.4,91.2,115.0,29.3,0
61.5,135.9,122.3,28.0,1
90.0,85.0,60.0,33.7,0
46.5,123.9,120.2,32.1,0
27.0,143.4,60.0,35.8,0
65.5,139.2,60.0,28.8,1
41.1,104.6,116.8,28.7,0
71.5,106.9,71.0,23.6,0
47.8,115.6,109.8,30.1,1
42.5,131.4,114.8,22.7,0
49.3,91.4,116.4,18.6,0
63.4,127.8,78.4,33.6,1
48.6,133.6,141.5,19.8,1
44.5,122.9,106.9,28.2,1
49.0,137.5,125.4,21.6,1
32.9,132.0,68.1,31.6,0
58.0,118.3,103.8,32.3,0
25.2,93.1,148.4,28.6,0
45.3,130.4,144.0,32.2,1
63.4,110.8,82.1,26.0,0
56.5,117.6,90.9,37.2,0
60.9,136.6,75.4,29.7,0
51.0,153.5,87.0,21.5,0
69.5,127.3,61.0,26.3,1
65.9,138.0,105.2,25.2,0
58.7,102.0,132.2,24.7,1
65.9,132.4,82.5,17.7,0
63.3,126.9,106.8,27.9,1
45.4,150.1,102.3,19.1,0
31.8,118.3,146.9,15.0,0
58.3,123.7,88.6,24.3,0
60.2,147.1,89.9,22.2,0
68.4,126.3,80.4,21.7,0
38.0,108.0,70.2,15.0,0
38.4,173.9,128.5,21.7,1
58.9,108.6,105.3,25.1,0
50.9,126.8,111.9,22.8,0
23.7,134.2,154.6,27.9,0
57.6,132.8,156.6,33.0,1
24.2,124.6,60.0,28.6,0
37.8,124.7,132.7,31.1,1
72.3,123.8,117.9,31.5,1
79.4,107.9,93.8,20.9,0
33.8,166.7,121.5,28.2,1
47.1,124.0,60.0,31.0,0
52.6,138.7,161.2,23.8,1
78.7,122.0,128.0,22.0,0
44.6,121.6,79.7,28.7,0
44.8,119.8,89.5,18.6,0
75.2,100.1,60.0,20.6,0
46.4,125.1,99.0,22.7,0
62.8,120.7,93.1,28.3,0
29.8,149.1,63.6,27.1,0
49.4,106.5,137.2,31.2,0
27.1,117.6,154.7,21.4,0
36.2,111.8,109.0,21.1,0
64.6,154.0,99.3,28.6,1
51.3,112.4,125.2,22.0,0
47.2,138.1,109.3,23.0,1
40.8,145.5,72.1,16.7,0
48.7,125.4,87.2,27.5,0
56.5,103.2,99.6,33.7,1
66.7,103.4,118.7,20.9,0
18.0,143.5,110.3,31.1,0
39.5,105.3,117.4,25.7,0
54.4,135.1,60.0,17.2,0
50.5,130.1,133.3,21.5,0
58.1,134.8,110.1,21.2,0
56.0,136.5,199.3,24.4,1
47.4,111.2,96.4,28.1,0
44.1,110.4,121.3,35.2,0
48.3,140.9,209.0,18.8,1
69.2,116.7,116.8,23.6,1
41.0,85.0,107.6,21.5,0
51.1,139.7,75.5,19.7,0
54.8,109.3,163.5,26.5,0
75.4,136.4,69.4,26.0,1
47.5,153.1,124.9,16.9,0
66.4,128.3,93.4,26.1,1
70.5,145.9,103.4,20.0,1
51.0,130.8,60.2,26.1,0
48.8,156.6,157.0,32.3,1
47.1,108.9,100.3,28.3,0
48.2,127.9,67.5,26.9,0
64.8,140.1,153.8,23.4,1
55.5,124.6,92.4,26.3,0
55.5,148.7,121.7,28.8,1
35.1,120.2,139.4,28.3,0
37.5,165.2,126.6,25.5,1
84.2,166.2,60.0,27.1,1
49.3,133.1,134.3,19.4,1
40.4,137.9,106.5,22.3,0
73.5,149.5,98.5,29.5,1
56.2,106.6,106.2,30.2,0
60.7,104.4,60.0,26.5,0
49.9,150.6,116.7,33.4,1
47.2,132.9,62.2,28.5,0
49.5,123.9,100.0,24.8,0
31.3,128.2,115.5,19.9,0
50.7,85.1,147.6,33.2,0
56.4,124.6,81.3,29.9,0
79.8,114.4,160.8,35.0,1
53.3,144.5,143.1,36.8,1
18.0,145.9,95.0,19.6,0
50.6,138.4,71.2,19.6,0
90.0,135.1,60.0,15.0,1
65.0,101.0,119.5,30.6,0
39.8,138.6,84.2,29.3,1
60.9,139.3,152.0,26.5,1
40.9,150.4,86.2,19.9,0
31.7,166.1,78.5,25.6,0
46.8,97.5,118.2,26.9,0
53.4,121.0,86.0,29.9,0
23.9,114.6,110.3,27.4,0
34.8,131.1,144.5,29.3,0
52.2,128.2,114.1,25.4,0
45.9,123.8,114.2,31.9,1
57.9,146.5,117.2,29.2,1
33.8,108.2,60.0,20.1,0
62.7,109.3,123.7,32.9,1
34.2,109.6,115.6,32.1,0
76.6,121.5,141.3,28.3,1
26.3,105.9,131.2,27.4,0
35.6,127.1,102.9,34.3,1
58.3,125.0,146.1,17.8,1
77.0,113.8,99.8,32.2,0
56.7,143.7,118.7,23.6,1
60.4,126.9,99.1,31.5,1
52.3,147.1,126.2,26.6,1
36.6,124.5,96.8,19.8,0
44.6,127.6,167.7,23.5,0
33.8,117.9,180.6,31.1,1
32.8,127.9,140.6,24.9,0
58.0,140.8,163.9,22.9,1
35.2,120.6,60.0,22.9,0
56.8,137.3,60.3,29.2,0
32.5,113.4,98.7,34.8,0
56.4,141.7,111.4,15.3,1
44.7,117.6,103.1,40.0,0
73.1,143.3,60.0,27.0,0
56.9,129.1,150.3,28.9,1
70.5,155.4,185.4,23.8,1
40.7,107.2,154.8,26.0,0
52.8,101.4,148.0,27.0,1
37.3,116.9,117.9,20.8,0
45.8,103.1,80.5,22.0,0
48.1,103.1,112.5,31.9,1
41.1,139.2,183.7,18.2,1
33.8,127.9,97.7,28.2,0
30.8,119.4,94.1,24.1,0
18.0,121.0,148.8,21.2,0
36.2,117.2,151.1,35.9,1
61.4,157.7,80.3,21.2,1
28.0,114.8,100.8,20.3,0
31.5,104.2,92.4,25.1,0
78.9,142.3,112.4,22.2,1
42.5,124.1,148.6,26.0,0
56.8,164.7,81.9,26.8,1
61.6,118.5,148.1,27.2,1
61.9,143.2,113.6,25.4,1
29.2,147.5,191.4,22.5,1
48.5,118.6,121.2,29.2,0
27.7,114.6,106.6,25.4,0
88.7,141.3,130.1,23.5,1
28.1,138.3,98.2,33.4,0
36.3,102.6,60.0,25.4,0
36.4,107.7,101.6,31.5,0
29.6,85.0,101.0,32.1,0
72.3,138.7,60.0,32.4,1
88.3,123.3,107.4,29.5,1
44.9,125.1,60.0,26.0,0
32.2,97.6,97.8,25.7,0
18.4,108.2,118.5,24.8,0
48.3,119.4,113.4,15.2,0
47.3,115.9,95.6,29.6,0
42.2,130.1,107.0,27.2,1
55.3,138.5,82.6,30.1,0
57.9,168.9,110.4,25.4,1
56.8,127.6,112.0,29.3,0
47.3,148.1,78.5,19.1,0
35.5,113.1,119.4,20.2,0
62.0,97.9,119.2,15.0,0
52.2,121.7,104.2,25.3,0
65.3,99.2,194.7,22.1,1
63.9,128.3,105.1,21.5,1
30.7,114.0,100.2,27.7,0
30.5,92.8,95.2,23.9,0
40.7,159.2,76.0,18.8,0
36.2,118.3,134.0,38.7,1
63.3,98.5,86.0,25.8,0
57.3,144.2,90.1,20.6,0
68.5,114.9,91.2,22.7,0
57.9,147.6,75.5,25.1,1
55.1,114.8,60.0,25.1,0
70.0,118.3,93.8,32.5,1
59.0,134.2,140.6,25.6,1
53.0,138.7,116.9,35.3,1
74.2,141.8,164.6,23.8,1
53.7,126.4,136.3,28.1,1
47.4,137.5,128.3,31.1,1
39.4,141.4,175.9,32.0,1
62.5,131.6,106.6,32.6,1
70.6,125.4,112.2,24.6,1
51.2,102.0,109.6,26.0,0
71.6,138.8,164.0,15.0,1
22.4,128.8,110.1,25.0,0
51.2,120.6,87.3,31.5,0
51.4,151.0,130.6,30.5,1
41.1,102.3,81.4,25.6,0
87.8,157.6,128.7,34.5,1
51.0,127.6,124.5,24.1,1
45.9,133.7,103.4,22.4,0
52.4,120.9,129.8,23.7,1
22.0,98.0,60.0,20.4,0
40.6,125.5,115.7,29.1,0
66.7,134.0,93.8,27.4,1
42.6,140.2,210.2,29.0,1
39.6,124.4,115.5,23.9,0
71.6,88.5,89.1,25.7,0
72.1,100.3,61.8,15.1,0
59.8,164.9,155.7,27.9,1
45.2,108.3,97.7,26.5,0
48.4,153.7,82.3,20.5,0
39.9,111.2,121.8,25.5,0
37.1,124.7,132.7,24.7,0
36.3,139.3,132.2,34.8,1
42.7,113.2,110.7,20.7,0
36.5,156.7,115.6,27.7,0
28.5,129.4,118.1,20.5,0
55.3,136.3,121.8,23.2,0
55.5,123.2,124.9,27.4,0
77.5,139.9,148.3,24.9,1
42.0,156.4,112.0,26.0,1
56.4,125.6,81.4,27.7,1
56.7,159.1,104.9,23.5,1
48.2,117.0,136.4,30.4,1
63.2,141.8,60.0,24.5,1
63.6,136.8,60.0,25.5,0
56.9,108.8,142.1,27.8,1
48.2,131.8,163.2,27.1,1
46.6,128.1,65.7,29.2,0
31.5,112.6,113.5,27.6,0
39.9,134.4,96.0,28.3,1
42.7,130.6,100.9,24.4,0
35.1,126.7,120.7,20.7,0
58.6,126.8,64.7,18.9,0
69.9,126.4,71.2,17.6,0
38.4,121.4,99.5,34.8,1
56.3,130.5,104.9,15.0,0
36.5,116.4,70.6,32.0,0
47.4,175.8,137.6,21.9,1
41.6,102.6,95.4,31.9,0
61.0,117.5,95.2,15.0,0
41.8,118.9,119.9,24.8,0
67.2,164.7,105.5,33.3,1
48.3,104.2,139.3,29.6,1
42.3,135.7,77.3,24.3,0
33.2,132.5,61.1,16.3,0
